-- [[ ULTRA private loader | 5-layer | Delta/all-executor ]]
return(function(...)
local E=(getfenv and getfenv())or _ENV or _G
local S,T,M=E.string or string,E.table or table,E.math or math
local BT=E.bit32 or E.bit
local char,byte,sub,concat=S.char,S.byte,S.sub,T.concat
local floor=M.floor
local ins=T.insert
local loadf=E.loadstring or E.load or loadstring or load
local function bx(a,b)
 if BT and BT.bxor then return BT.bxor(a,b) end
 local r,p=0,1 a=a%(2^31) b=b%(2^31)
 while a>0 or b>0 do local aa,bb=a%2,b%2 if aa~=bb then r=r+p end a=(a-aa)/2 b=(b-bb)/2 p=p*2 end
 return r
end
if type(loadf)~='function' or type(char)~='function' then return end
local _VM_OP={}
_VM_OP[0]=8668
_VM_OP[1]=55328
_VM_OP[2]=33374
_VM_OP[3]=43385
_VM_OP[4]=59533
_VM_OP[5]=12659
_VM_OP[6]=56804
_VM_OP[7]=56074
_VM_OP[8]=56951
_VM_OP[9]=47427
_VM_OP[10]=59970
_VM_OP[11]=29791
_VM_OP[12]=2944
_VM_OP[13]=27765
_VM_OP[14]=12203
_VM_OP[15]=6699
_VM_OP[16]=16647
_VM_OP[17]=25093
_VM_OP[18]=4488
_VM_OP[19]=40639
_VM_OP[20]=26793
_VM_OP[21]=56006
_VM_OP[22]=58578
_VM_OP[23]=13872
_VM_OP[24]=50542
_VM_OP[25]=51239
_VM_OP[26]=34843
_VM_OP[27]=53051
_VM_OP[28]=16208
_VM_OP[29]=17042
_VM_OP[30]=46
_VM_OP[31]=34639
_VM_OP[32]=18099
_VM_OP[33]=31095
_VM_OP[34]=15416
_VM_OP[35]=46731
_VM_OP[36]=37332
_VM_OP[37]=13847
_VM_OP[38]=52227
_VM_OP[39]=35431
_VM_OP[40]=3561
_VM_OP[41]=55644
_VM_OP[42]=45230
_VM_OP[43]=12563
_VM_OP[44]=14005
_VM_OP[45]=29981
_VM_OP[46]=52116
_VM_OP[47]=45448
_VM_OP[48]=40162
_VM_OP[49]=38775
_VM_OP[50]=36222
_VM_OP[51]=59278
_VM_OP[52]=3642
_VM_OP[53]=54966
_VM_OP[54]=20714
_VM_OP[55]=37484
_VM_OP[56]=37415
_VM_OP[57]=30265
_VM_OP[58]=20537
_VM_OP[59]=32497
_VM_OP[60]=25066
_VM_OP[61]=34092
_VM_OP[62]=62652
_VM_OP[63]=8675
_VM_OP[64]=64256
_VM_OP[65]=47762
_VM_OP[66]=54596
_VM_OP[67]=41502
_VM_OP[68]=38270
_VM_OP[69]=23351
_VM_OP[70]=22579
_VM_OP[71]=20062
_VM_OP[72]=10405
_VM_OP[73]=7733
_VM_OP[74]=20973
_VM_OP[75]=25737
_VM_OP[76]=29394
_VM_OP[77]=51843
_VM_OP[78]=43895
_VM_OP[79]=44279
_VM_OP[80]=6912
_VM_OP[81]=22017
_VM_OP[82]=32508
_VM_OP[83]=7502
_VM_OP[84]=45277
_VM_OP[85]=52107
_VM_OP[86]=57546
_VM_OP[87]=40347
_VM_OP[88]=45260
_VM_OP[89]=30807
_VM_OP[90]=8725
_VM_OP[91]=35372
_VM_OP[92]=14910
_VM_OP[93]=31492
_VM_OP[94]=47199
_VM_OP[95]=860
_VM_OP[96]=11822
_VM_OP[97]=14333
_VM_OP[98]=53399
_VM_OP[99]=21093
_VM_OP[100]=40807
_VM_OP[101]=18853
_VM_OP[102]=13079
_VM_OP[103]=61755
_VM_OP[104]=38493
_VM_OP[105]=20607
_VM_OP[106]=39924
_VM_OP[107]=31274
_VM_OP[108]=22474
_VM_OP[109]=11351
_VM_OP[110]=24609
_VM_OP[111]=35012
_VM_OP[112]=22804
_VM_OP[113]=57238
_VM_OP[114]=26428
_VM_OP[115]=55063
_VM_OP[116]=60855
_VM_OP[117]=6799
_VM_OP[118]=7371
_VM_OP[119]=40203
_VM_OP[120]=46400
_VM_OP[121]=49858
_VM_OP[122]=47313
_VM_OP[123]=41623
_VM_OP[124]=10135
_VM_OP[125]=14734
_VM_OP[126]=37767
_VM_OP[127]=31366
_VM_OP[128]=47431
_VM_OP[129]=59805
_VM_OP[130]=23756
_VM_OP[131]=12927
_VM_OP[132]=35364
_VM_OP[133]=21401
_VM_OP[134]=64338
_VM_OP[135]=49025
_VM_OP[136]=915
_VM_OP[137]=12474
_VM_OP[138]=55197
_VM_OP[139]=6706
_VM_OP[140]=1804
_VM_OP[141]=35003
_VM_OP[142]=54845
_VM_OP[143]=15605
_VM_OP[144]=58974
_VM_OP[145]=18041
_VM_OP[146]=24080
_VM_OP[147]=31245
_VM_OP[148]=4292
_VM_OP[149]=64390
_VM_OP[150]=41635
_VM_OP[151]=31153
_VM_OP[152]=51438
_VM_OP[153]=22433
_VM_OP[154]=26834
_VM_OP[155]=37228
_VM_OP[156]=60565
_VM_OP[157]=31779
_VM_OP[158]=31271
_VM_OP[159]=33231
_VM_OP[160]=12880
_VM_OP[161]=55984
_VM_OP[162]=8908
_VM_OP[163]=53175
_VM_OP[164]=35634
_VM_OP[165]=9313
_VM_OP[166]=3449
_VM_OP[167]=20628
_VM_OP[168]=38548
_VM_OP[169]=48635
_VM_OP[170]=2869
_VM_OP[171]=4822
_VM_OP[172]=23058
_VM_OP[173]=26718
_VM_OP[174]=13047
_VM_OP[175]=53370
_VM_OP[176]=46242
_VM_OP[177]=25367
_VM_OP[178]=62448
_VM_OP[179]=16171
_VM_OP[180]=62168
_VM_OP[181]=19321
_VM_OP[182]=43464
_VM_OP[183]=37468
_VM_OP[184]=36389
_VM_OP[185]=11988
_VM_OP[186]=9515
_VM_OP[187]=44619
_VM_OP[188]=37014
_VM_OP[189]=14358
_VM_OP[190]=58967
_VM_OP[191]=15447
_VM_OP[192]=35867
_VM_OP[193]=17882
_VM_OP[194]=38503
_VM_OP[195]=41991
_VM_OP[196]=18164
_VM_OP[197]=963
_VM_OP[198]=36947
_VM_OP[199]=17169
_VM_OP[200]=26365
_VM_OP[201]=55765
_VM_OP[202]=49448
_VM_OP[203]=26256
_VM_OP[204]=57620
_VM_OP[205]=17950
_VM_OP[206]=65311
_VM_OP[207]=37823
_VM_OP[208]=33589
_VM_OP[209]=54067
_VM_OP[210]=28002
_VM_OP[211]=56656
_VM_OP[212]=38588
_VM_OP[213]=57349
_VM_OP[214]=9906
_VM_OP[215]=26626
_VM_OP[216]=42235
_VM_OP[217]=16469
_VM_OP[218]=40669
_VM_OP[219]=44410
_VM_OP[220]=24779
_VM_OP[221]=23442
_VM_OP[222]=61260
_VM_OP[223]=39200
_VM_OP[224]=33342
_VM_OP[225]=60667
_VM_OP[226]=21063
_VM_OP[227]=33147
_VM_OP[228]=16163
_VM_OP[229]=39350
_VM_OP[230]=18037
_VM_OP[231]=38074
_VM_OP[232]=12151
_VM_OP[233]=61554
_VM_OP[234]=29081
_VM_OP[235]=36892
_VM_OP[236]=24166
_VM_OP[237]=31365
_VM_OP[238]=14459
_VM_OP[239]=21516
_VM_OP[240]=44198
_VM_OP[241]=52054
_VM_OP[242]=55691
_VM_OP[243]=14666
_VM_OP[244]=6574
_VM_OP[245]=29164
_VM_OP[246]=47902
_VM_OP[247]=56685
_VM_OP[248]=65400
_VM_OP[249]=24146
_VM_OP[250]=59796
_VM_OP[251]=55665
_VM_OP[252]=28345
_VM_OP[253]=35881
_VM_OP[254]=19975
_VM_OP[255]=55217
local _VM_REG={}
_VM_REG[0]=11249325
_VM_REG[1]=2170933
_VM_REG[2]=4049299
_VM_REG[3]=12928981
_VM_REG[4]=14175710
_VM_REG[5]=11660502
_VM_REG[6]=463110
_VM_REG[7]=4499057
_VM_REG[8]=16546999
_VM_REG[9]=13633418
_VM_REG[10]=9996020
_VM_REG[11]=1705769
_VM_REG[12]=7790162
_VM_REG[13]=16691607
_VM_REG[14]=12121864
_VM_REG[15]=10250654
_VM_REG[16]=7585188
_VM_REG[17]=16339764
_VM_REG[18]=15835092
_VM_REG[19]=13978733
_VM_REG[20]=543576
_VM_REG[21]=1399440
_VM_REG[22]=11917210
_VM_REG[23]=12271970
_VM_REG[24]=7424848
_VM_REG[25]=16735812
_VM_REG[26]=574395
_VM_REG[27]=6560486
_VM_REG[28]=2315302
_VM_REG[29]=6620062
_VM_REG[30]=9027341
_VM_REG[31]=14012398
_VM_REG[32]=2823215
_VM_REG[33]=6240080
_VM_REG[34]=14260695
_VM_REG[35]=3935044
_VM_REG[36]=9572640
_VM_REG[37]=3688657
_VM_REG[38]=8843928
_VM_REG[39]=6097856
_VM_REG[40]=8929752
_VM_REG[41]=9056129
_VM_REG[42]=16225631
_VM_REG[43]=3343656
_VM_REG[44]=1696874
_VM_REG[45]=1180117
_VM_REG[46]=14746045
_VM_REG[47]=4127310
_VM_REG[48]=13701412
_VM_REG[49]=10382654
_VM_REG[50]=14642159
_VM_REG[51]=124722
_VM_REG[52]=11477634
_VM_REG[53]=4815417
_VM_REG[54]=3681539
_VM_REG[55]=9436932
_VM_REG[56]=865655
_VM_REG[57]=10314117
_VM_REG[58]=5438550
_VM_REG[59]=9440143
_VM_REG[60]=5803935
_VM_REG[61]=8741043
_VM_REG[62]=2824460
_VM_REG[63]=10253532
local function _j0(x,y)
 local t=39387
 for i=1,2 do t=bx(t,(i*18+0)%256) end
 if type(x)=='number' then t=t+x end
 return t%(1000)
end
local function _j1(x,y)
 local t=6627
 for i=1,2 do t=bx(t,(i*17+7)%256) end
 if type(x)=='number' then t=t+x end
 return t%(1013)
end
local function _j2(x,y)
 local t=89661
 for i=1,5 do t=bx(t,(i*2+14)%256) end
 if type(x)=='number' then t=t+x end
 return t%(1026)
end
local function _j3(x,y)
 local t=8657
 for i=1,5 do t=bx(t,(i*27+21)%256) end
 if type(x)=='number' then t=t+x end
 return t%(1039)
end
local function _j4(x,y)
 local t=24690
 for i=1,5 do t=bx(t,(i*6+28)%256) end
 if type(x)=='number' then t=t+x end
 return t%(1052)
end
local function _j5(x,y)
 local t=10642
 for i=1,3 do t=bx(t,(i*12+35)%256) end
 if type(x)=='number' then t=t+x end
 return t%(1065)
end
local function _j6(x,y)
 local t=78445
 for i=1,5 do t=bx(t,(i*21+42)%256) end
 if type(x)=='number' then t=t+x end
 return t%(1078)
end
local function _j7(x,y)
 local t=59460
 for i=1,4 do t=bx(t,(i*22+49)%256) end
 if type(x)=='number' then t=t+x end
 return t%(1091)
end
local function _j8(x,y)
 local t=8387
 for i=1,3 do t=bx(t,(i*28+56)%256) end
 if type(x)=='number' then t=t+x end
 return t%(1104)
end
local function _j9(x,y)
 local t=20664
 for i=1,4 do t=bx(t,(i*2+63)%256) end
 if type(x)=='number' then t=t+x end
 return t%(1117)
end
local function _j10(x,y)
 local t=55407
 for i=1,4 do t=bx(t,(i*15+70)%256) end
 if type(x)=='number' then t=t+x end
 return t%(1130)
end
local function _j11(x,y)
 local t=49712
 for i=1,2 do t=bx(t,(i*30+77)%256) end
 if type(x)=='number' then t=t+x end
 return t%(1143)
end
local function _j12(x,y)
 local t=80658
 for i=1,3 do t=bx(t,(i*24+84)%256) end
 if type(x)=='number' then t=t+x end
 return t%(1156)
end
local function _j13(x,y)
 local t=42817
 for i=1,2 do t=bx(t,(i*24+91)%256) end
 if type(x)=='number' then t=t+x end
 return t%(1169)
end
local function _j14(x,y)
 local t=98854
 for i=1,2 do t=bx(t,(i*8+98)%256) end
 if type(x)=='number' then t=t+x end
 return t%(1182)
end
local function _j15(x,y)
 local t=95691
 for i=1,5 do t=bx(t,(i*15+105)%256) end
 if type(x)=='number' then t=t+x end
 return t%(1195)
end
local function _j16(x,y)
 local t=89122
 for i=1,3 do t=bx(t,(i*21+112)%256) end
 if type(x)=='number' then t=t+x end
 return t%(1208)
end
local function _j17(x,y)
 local t=77010
 for i=1,5 do t=bx(t,(i*12+119)%256) end
 if type(x)=='number' then t=t+x end
 return t%(1221)
end
local function _j18(x,y)
 local t=76141
 for i=1,5 do t=bx(t,(i*24+126)%256) end
 if type(x)=='number' then t=t+x end
 return t%(1234)
end
local function _j19(x,y)
 local t=28201
 for i=1,2 do t=bx(t,(i*3+133)%256) end
 if type(x)=='number' then t=t+x end
 return t%(1247)
end
local function _j20(x,y)
 local t=85051
 for i=1,4 do t=bx(t,(i*3+140)%256) end
 if type(x)=='number' then t=t+x end
 return t%(1260)
end
local function _j21(x,y)
 local t=20837
 for i=1,2 do t=bx(t,(i*17+147)%256) end
 if type(x)=='number' then t=t+x end
 return t%(1273)
end
local function _j22(x,y)
 local t=18345
 for i=1,4 do t=bx(t,(i*2+154)%256) end
 if type(x)=='number' then t=t+x end
 return t%(1286)
end
local function _j23(x,y)
 local t=22873
 for i=1,5 do t=bx(t,(i*15+161)%256) end
 if type(x)=='number' then t=t+x end
 return t%(1299)
end
local function _j24(x,y)
 local t=83914
 for i=1,3 do t=bx(t,(i*6+168)%256) end
 if type(x)=='number' then t=t+x end
 return t%(1312)
end
local function _j25(x,y)
 local t=34986
 for i=1,4 do t=bx(t,(i*18+175)%256) end
 if type(x)=='number' then t=t+x end
 return t%(1325)
end
local function _j26(x,y)
 local t=12826
 for i=1,3 do t=bx(t,(i*13+182)%256) end
 if type(x)=='number' then t=t+x end
 return t%(1338)
end
local function _j27(x,y)
 local t=16988
 for i=1,5 do t=bx(t,(i*26+189)%256) end
 if type(x)=='number' then t=t+x end
 return t%(1351)
end
local function _j28(x,y)
 local t=41608
 for i=1,4 do t=bx(t,(i*6+196)%256) end
 if type(x)=='number' then t=t+x end
 return t%(1364)
end
local function _j29(x,y)
 local t=68560
 for i=1,4 do t=bx(t,(i*24+203)%256) end
 if type(x)=='number' then t=t+x end
 return t%(1377)
end
local function _j30(x,y)
 local t=34520
 for i=1,4 do t=bx(t,(i*20+210)%256) end
 if type(x)=='number' then t=t+x end
 return t%(1390)
end
local function _j31(x,y)
 local t=56421
 for i=1,4 do t=bx(t,(i*12+217)%256) end
 if type(x)=='number' then t=t+x end
 return t%(1403)
end
local function _j32(x,y)
 local t=61219
 for i=1,3 do t=bx(t,(i*29+224)%256) end
 if type(x)=='number' then t=t+x end
 return t%(1416)
end
local function _j33(x,y)
 local t=32052
 for i=1,5 do t=bx(t,(i*7+231)%256) end
 if type(x)=='number' then t=t+x end
 return t%(1429)
end
local function _j34(x,y)
 local t=42183
 for i=1,2 do t=bx(t,(i*29+238)%256) end
 if type(x)=='number' then t=t+x end
 return t%(1442)
end
local function _j35(x,y)
 local t=5460
 for i=1,2 do t=bx(t,(i*2+245)%256) end
 if type(x)=='number' then t=t+x end
 return t%(1455)
end
local function _j36(x,y)
 local t=10779
 for i=1,2 do t=bx(t,(i*20+252)%256) end
 if type(x)=='number' then t=t+x end
 return t%(1468)
end
local function _j37(x,y)
 local t=39659
 for i=1,2 do t=bx(t,(i*29+3)%256) end
 if type(x)=='number' then t=t+x end
 return t%(1481)
end
local function _j38(x,y)
 local t=96529
 for i=1,5 do t=bx(t,(i*25+10)%256) end
 if type(x)=='number' then t=t+x end
 return t%(1494)
end
local function _j39(x,y)
 local t=22541
 for i=1,5 do t=bx(t,(i*14+17)%256) end
 if type(x)=='number' then t=t+x end
 return t%(1507)
end
local function _j40(x,y)
 local t=71299
 for i=1,4 do t=bx(t,(i*13+24)%256) end
 if type(x)=='number' then t=t+x end
 return t%(1520)
end
local function _j41(x,y)
 local t=33966
 for i=1,5 do t=bx(t,(i*22+31)%256) end
 if type(x)=='number' then t=t+x end
 return t%(1533)
end
local function _j42(x,y)
 local t=81045
 for i=1,2 do t=bx(t,(i*15+38)%256) end
 if type(x)=='number' then t=t+x end
 return t%(1546)
end
local function _j43(x,y)
 local t=10386
 for i=1,2 do t=bx(t,(i*29+45)%256) end
 if type(x)=='number' then t=t+x end
 return t%(1559)
end
local function _j44(x,y)
 local t=43945
 for i=1,5 do t=bx(t,(i*19+52)%256) end
 if type(x)=='number' then t=t+x end
 return t%(1572)
end
local function _j45(x,y)
 local t=5008
 for i=1,4 do t=bx(t,(i*18+59)%256) end
 if type(x)=='number' then t=t+x end
 return t%(1585)
end
local function _j46(x,y)
 local t=74148
 for i=1,3 do t=bx(t,(i*20+66)%256) end
 if type(x)=='number' then t=t+x end
 return t%(1598)
end
local function _j47(x,y)
 local t=73901
 for i=1,2 do t=bx(t,(i*18+73)%256) end
 if type(x)=='number' then t=t+x end
 return t%(1611)
end
local function _j48(x,y)
 local t=71125
 for i=1,5 do t=bx(t,(i*11+80)%256) end
 if type(x)=='number' then t=t+x end
 return t%(1624)
end
local function _j49(x,y)
 local t=72928
 for i=1,3 do t=bx(t,(i*18+87)%256) end
 if type(x)=='number' then t=t+x end
 return t%(1637)
end
local function _j50(x,y)
 local t=62451
 for i=1,3 do t=bx(t,(i*20+94)%256) end
 if type(x)=='number' then t=t+x end
 return t%(1650)
end
local function _j51(x,y)
 local t=69947
 for i=1,5 do t=bx(t,(i*13+101)%256) end
 if type(x)=='number' then t=t+x end
 return t%(1663)
end
local function _j52(x,y)
 local t=9585
 for i=1,4 do t=bx(t,(i*16+108)%256) end
 if type(x)=='number' then t=t+x end
 return t%(1676)
end
local function _j53(x,y)
 local t=72798
 for i=1,3 do t=bx(t,(i*6+115)%256) end
 if type(x)=='number' then t=t+x end
 return t%(1689)
end
local function _j54(x,y)
 local t=1478
 for i=1,5 do t=bx(t,(i*27+122)%256) end
 if type(x)=='number' then t=t+x end
 return t%(1702)
end
local function _j55(x,y)
 local t=54802
 for i=1,4 do t=bx(t,(i*10+129)%256) end
 if type(x)=='number' then t=t+x end
 return t%(1715)
end
local function _j56(x,y)
 local t=14079
 for i=1,2 do t=bx(t,(i*12+136)%256) end
 if type(x)=='number' then t=t+x end
 return t%(1728)
end
local function _j57(x,y)
 local t=18698
 for i=1,4 do t=bx(t,(i*7+143)%256) end
 if type(x)=='number' then t=t+x end
 return t%(1741)
end
local function _j58(x,y)
 local t=99130
 for i=1,3 do t=bx(t,(i*2+150)%256) end
 if type(x)=='number' then t=t+x end
 return t%(1754)
end
local function _j59(x,y)
 local t=54305
 for i=1,5 do t=bx(t,(i*12+157)%256) end
 if type(x)=='number' then t=t+x end
 return t%(1767)
end
local _D0={211,95,160,236,94,255,170,11,188,179,32,91,145,123,70,253,201,163,190,159,53,82,81,138,71,234,232,37,157,70,156,219,197,241,162,55,117,255,250,46,49,254,205,58,216,113,247,241,49,234,3,155,42,26,207,62,140,169,65,246,13,1,48,253,160,131,41,33,123,91,119,247,236,93,107,48,91,148,123,143,3,221,80,200,135,55,198,95,3,133,62,71,249,178,224,83,193,104,132,35,38,76,88,204,158,146,181,174,243,113,27,101,156,145,120,232,203,236,145,29,118,146,104,2,115,84,225,249,233,51,141,90,3,58,31,156,250,155,43,223,27,141,64,223,59,252,96,33,130,120,132,246,121,166,179,65,132,135,155,74,74,16,227,233,86,58,252,188,139,252,184,142,238,236,154,118,194,109,75,245}
local _D1={56,173,7,214,66,168,226,207,207,64,88,68,89,106,110,255,179,213,118,108,158,57,148,237,221,110,166,40,88,136,175,88,182,231,196,7,9,140,111,18,11,82,73,198,15,188,252,182,97,17,226,59,255,194,1,124,128,24,113,188,7,101,156,35,97,224,129,62,1,79,171,32,198,65,142,145,190,170,71,193,103,150,89,210,180,172,149,5,45,122,192,113,193,137,98,58,32,219,220,188,43,160,112,137,87,30,157,221,225,19,29,3,172,248,11,183,152,196,157,227,212,216,82,108,202,245,251,61,127,188,164,5,218,25,157,229,243,159,255,36,65,125,223,156,219,64,152,144,186,69,31,122,75,59,106,4,210,115,148,179,92,2,244,115,7,88,81,131,108,134,76,71,142,123,35,168,23,123,250,155}
local _D2={143,187,154,238,186,1,165,70,212,82,178,150,172,143,118,13,58,8,209,115,67,137,240,109,84,209,248,77,5,233,233,119,17,157,57,97,181,156,41,14,31,65,27,102,11,177,136,174,193,77,81,17,11,226,27,133,37,53,56,175,214,46,30,156,128,48,7,221,195,108,100,26,236,212,63,119,22,167,77,79,57,224,178,86,0,224,215,163,46,182,252,134,240,82,226,43,223,138,23,251,14,50,56,143,103,116,8,12,170,213,44,34,164,199,47,5,237,205,88,46,136,112,251,94,232,246,9,4,206,69,186,57,59,94,99,17,190,120,252,102,86,179,220,83,115,129,93,253,51,78,11,138,213,7,190,85,92,237,192,115,47,255,142,129,123,156,192,214,78,254,26,94,53,1,111,142,153,11,111,91}
local _D3={76,153,138,24,7,15,135,255,76,162,145,189,59,79,242,7,145,84,150,62,29,38,32,120,136,72,105,207,98,163,141,106,201,23,1,156,190,176,46,185,219,46,133,13,165,223,70,200,38,92,92,194,39,51,58,212,189,111,157,218,196,206,24,91,196,39,133,86,202,5,104,253,248,231,221,125,209,21,136,55,10,206,152,26,137,72,131,59,178,2,30,80,127,95,149,140,197,13,137,36,28,222,200,22,74,86,124,248,87,96,59,242,102,6,90,47,244,154,28,121,97,88,105,236,155,82,111,224,74,31,126,26,47,167,65,17,207,185,26,163,68,139,226,198,213,111,244,199,102,188,77,43,77,222,66,232,150,109,22,185,58,80,73,123,218,101,156,126,49,82,190,174,190,186,213,176,171,78,102,19}
local _D4={197,217,71,105,255,121,79,127,102,132,57,98,7,165,53,53,239,197,70,213,156,209,81,9,58,107,214,32,40,182,137,189,79,186,55,229,151,134,181,55,11,105,180,251,216,231,202,155,81,247,121,135,201,191,75,164,100,78,75,174,188,97,89,51,101,63,135,226,219,173,73,164,70,207,67,198,192,252,234,136,203,90,2,63,51,101,47,130,198,166,234,57,224,179,171,97,88,104,82,47,225,68,56,99,79,117,123,217,140,182,37,66,176,175,161,99,206,191,113,141,120,160,173,179,38,206,98,160,26,80,112,157,122,152,235,155,11,109,0,26,5,181,231,3,180,125,116,97,60,231,247,154,113,155,172,144,214,167,2,50,160,147,71,139,234,228,160,76,68,126,161,97,168,73,48,245,92,206,15,150}
local _D5={238,196,54,213,108,206,97,244,66,194,239,218,108,136,106,129,112,81,66,242,223,46,206,190,89,25,78,153,86,44,240,71,225,248,195,156,140,53,4,136,28,113,87,228,16,75,138,68,209,45,116,221,176,64,136,202,190,98,78,66,234,20,45,61,94,172,236,128,49,214,173,23,187,80,123,230,203,42,139,60,55,162,228,151,247,188,41,38,112,36,97,213,50,159,119,100,144,17,191,238,243,250,171,59,160,98,137,180,40,19,28,238,102,178,109,44,176,228,183,240,138,60,177,150,251,199,136,41,15,148,32,155,117,54,91,27,89,91,226,143,125,50,27,127,86,36,77,48,41,217,97,50,48,202,189,188,19,44,63,13,120,237,133,250,134,138,49,203,156,160,126,73,146,172,168,102,222,249,137,34}
local _D6={115,66,134,141,99,196,179,59,149,95,30,38,202,12,153,234,224,86,182,81,235,20,238,154,234,42,191,242,220,171,188,219,189,110,48,110,93,11,60,8,104,188,62,5,237,54,144,60,63,177,80,231,132,11,26,46,147,58,130,4,216,64,192,89,10,166,180,67,192,219,249,178,235,26,254,230,0,70,180,123,170,14,253,190,118,253,71,248,176,251,82,221,165,31,179,49,172,165,160,31,124,163,215,112,172,180,108,12,62,31,41,249,175,224,79,194,49,139,196,169,26,11,63,89,105,237,183,80,203,140,46,87,105,249,166,205,14,247,134,87,171,234,33,118,226,70,116,79,228,93,93,154,172,8,2,5,2,36,33,212,108,243,233,215,50,139,139,18,253,74,116,114,197,186,13,241,164,160,29,134}
local _D7={81,130,7,58,75,144,234,71,220,1,151,116,154,249,102,4,184,67,97,28,189,211,212,195,32,174,32,221,243,73,214,252,22,58,54,130,86,84,160,90,127,167,239,80,152,51,68,98,68,175,119,84,74,189,214,64,2,182,129,236,91,64,174,202,177,143,116,26,252,174,242,98,225,45,25,2,96,251,130,40,177,236,227,137,113,89,186,109,242,16,57,52,181,194,131,69,56,254,173,156,73,120,4,178,70,183,156,102,0,205,194,33,114,188,255,149,231,109,116,29,174,10,25,33,191,166,227,106,110,99,116,15,202,135,170,79,37,29,49,92,166,87,230,32,13,148,77,160,113,179,69,81,87,18,222,206,96,12,253,159,56,32,249,180,50,240,82,110,18,176,213,4,149,83,143,118,158,135,195,234}
local _D8={58,187,169,18,181,34,168,130,133,28,234,247,200,14,167,24,157,135,118,9,242,129,176,7,85,89,39,119,248,143,46,134,109,167,31,125,92,193,184,48,58,240,203,209,81,158,52,54,236,49,87,236,52,249,65,164,184,203,38,182,191,155,76,95,72,83,50,67,211,159,53,116,173,224,202,231,82,79,244,101,148,211,51,14,231,225,167,17,215,25,148,31,253,52,196,238,5,202,145,118,9,198,222,76,28,38,140,21,193,195,249,45,69,22,69,174,26,69,132,27,205,141,236,208,54,153,33,203,211,208,160,184,239,71,237,158,167,61,101,120,163,8,140,188,83,68,80,69,165,223,41,182,122,131,197,94,240,130,156,124,35,221,247,245,92,251,156,93,142,176,113,81,241,15,115,132,211,204,53,63}
local _D9={88,45,6,150,86,183,210,126,115,224,33,226,133,24,33,123,211,0,237,101,178,104,49,128,25,213,96,243,2,188,133,71,26,141,152,11,32,224,64,40,65,120,173,100,172,188,149,228,110,45,255,127,169,251,3,149,134,93,51,103,205,76,146,132,125,246,232,164,181,81,201,126,21,196,143,188,225,225,219,104,41,77,233,222,180,69,127,197,18,149,55,62,212,14,149,79,72,195,30,109,94,16,184,59,213,195,215,62,39,236,58,207,204,101,8,34,9,135,206,187,173,146,17,160,169,13,26,164,45,98,98,82,246,169,74,37,150,180,58,175,126,72,168,252,164,141,212,93,19,6,149,119,235,241,179,95,126,31,83,142,140,25,101,192,202,181,27,218,34,5,121,252,78,108,75,18,70,60,175,207}
local _D10={224,172,148,253,204,197,3,82,129,203,252,160,70,249,162,176,163,88,233,111,201,173,88,47,231,175,107,122,16,213,7,254,0,47,144,191,19,42,161,122,177,60,191,143,229,158,134,227,75,190,157,76,160,191,81,194,245,233,82,48,21,188,54,175,156,28,91,94,98,229,0,233,153,180,119,206,230,216,69,105,161,197,97,176,152,101,187,97,118,147,247,161,202,154,107,64,224,237,33,139,6,24,207,48,81,77,139,127,86,157,191,238,48,158,193,29,39,96,173,197,63,124,172,69,119,4,246,93,123,53,9,177,30,137,209,49,147,92,111,177,7,199,107,69,120,74,132,119,239,71,170,127,147,189,191,82,249,176,132,80,160,208,32,27,213,148,61,106,219,250,57,179,156,146,7,232,216,220,166,181}
local _D11={182,147,242,201,139,183,223,228,254,94,129,78,121,157,152,139,30,231,61,251,124,108,250,28,197,160,88,227,112,124,141,180,27,218,69,103,198,219,105,68,226,101,113,56,78,166,250,230,237,144,132,170,21,26,105,9,27,162,158,208,23,90,67,87,246,179,202,85,195,3,144,158,86,83,18,150,22,3,173,172,164,30,218,228,79,183,228,104,163,220,11,88,200,180,170,58,27,199,81,114,133,10,170,236,164,178,185,90,176,107,42,0,37,22,14,182,248,247,143,213,118,192,125,125,243,239,254,134,192,40,207,55,109,168,11,123,43,177,125,8,175,144,177,160,44,13,150,159,245,1,225,177,121,105,34,7,64,55,175,175,165,95,27,238,186,207,217,169,36,22,170,143,15,29,114,79,32,107,29,171}
local _D12={92,93,195,163,120,206,124,204,177,218,88,20,214,10,220,25,76,32,90,117,79,178,12,247,224,15,210,254,103,138,64,81,156,94,160,234,73,70,156,107,129,238,239,150,0,48,74,212,101,221,203,45,152,67,177,19,236,127,249,64,37,181,233,61,82,85,79,244,183,198,40,0,13,116,176,211,19,208,26,50,242,235,23,207,174,19,190,206,34,146,215,148,183,74,41,255,72,13,68,80,171,35,85,120,93,42,221,70,77,131,21,156,161,28,72,209,20,42,144,119,249,100,161,81,0,46,86,154,174,16,139,27,112,25,3,174,53,148,162,202,95,218,133,152,93,71,173,141,28,247,89,76,57,35,6,255,119,248,95,214,180,129,243,161,197,28,5,216,156,41,3,205,152,245,108,81,51,16,73,204}
local _D13={121,26,240,217,246,108,58,178,211,250,74,166,219,63,23,195,166,244,176,108,12,249,233,95,137,247,156,121,47,107,150,199,34,65,217,228,147,82,77,196,238,246,173,211,2,6,155,94,195,213,162,196,113,154,165,136,226,50,22,60,20,35,174,225,77,178,45,228,151,66,149,19,199,111,83,129,84,252,186,81,105,110,43,20,40,18,197,145,66,29,31,148,217,46,35,168,137,180,54,183,76,219,13,17,57,35,205,20,231,134,110,93,36,10,33,181,140,201,66,96,233,138,63,118,207,13,14,69,249,70,22,203,22,104,236,226,253,124,77,149,253,191,239,74,131,1,166,160,55,255,168,113,234,99,232,48,108,54,177,255,50,65,245,245,84,219,199,19,128,6,73,96,1,118,99,78,14,239,15,40}
local _D14={236,182,240,76,218,109,1,131,252,78,194,246,192,97,233,129,144,166,102,189,222,96,180,56,143,138,126,168,218,129,133,26,183,11,115,70,127,229,74,58,193,3,250,30,102,252,208,223,56,233,45,210,244,175,202,64,226,219,217,176,15,11,247,152,69,37,3,132,177,130,183,116,126,91,169,168,51,184,202,28,205,69,195,114,209,32,118,214,46,88,96,46,56,148,203,71,195,193,200,152,109,244,114,72,171,213,194,69,168,242,157,137,135,199,140,99,56,102,173,67,199,152,206,13,158,144,143,84,171,117,114,79,255,76,49,66,142,31,244,16,133,100,226,76,221,4,156,153,37,185,46,113,131,242,192,169,94,4,14,54,219,166,84,124,209,3,0,196,173,201,66,122,10,8,98,50,46,56,15,51}
local _D15={236,55,100,196,105,214,18,182,151,103,144,50,180,232,107,172,187,209,110,8,49,155,54,60,170,92,63,61,82,158,249,143,245,163,97,243,122,115,84,86,6,38,37,248,196,179,104,138,104,103,232,112,28,183,71,73,90,217,30,129,182,195,56,252,228,231,120,254,9,65,98,145,3,202,136,207,104,193,253,152,88,102,119,4,96,233,56,206,19,231,67,99,178,0,122,16,89,93,133,195,31,240,141,236,198,81,2,163,31,111,172,160,31,45,7,77,32,51,88,103,164,171,125,45,79,171,165,250,174,25,107,106,186,191,233,98,6,170,200,101,19,96,37,63,71,164,232,209,242,20,158,168,124,16,234,154,227,176,254,14,158,38,127,60,200,221,198,241,76,126,174,35,62,135,135,50,122,189,146,33}
local _D16={125,225,174,189,125,32,139,111,233,171,153,190,250,100,104,251,238,49,87,24,99,201,63,10,195,29,205,239,77,129,209,55,39,37,205,39,165,229,103,213,206,13,189,178,219,36,57,241,242,222,36,123,67,163,99,205,217,197,37,16,33,112,135,239,42,70,112,91,53,248,120,52,113,237,223,153,188,44,44,205,107,27,165,40,43,210,243,236,54,253,177,177,114,30,220,166,246,183,40,28,206,7,38,120,134,11,201,244,221,99,197,125,71,91,78,3,94,189,164,121,30,174,112,209,130,185,47,130,229,73,58,96,83,108,72,235,94,99,108,170,208,166,171,89,190,17,48,201,2,195,69,202,247,112,163,97,188,16,162,93,14,13,144,84,147,242,89,58,48,121,86,187,126,40,201,16,135,177,216,156}
local _D17={27,218,54,218,62,57,163,200,90,24,95,136,211,91,85,217,25,1,0,152,57,25,240,117,96,194,71,98,196,98,80,130,119,131,19,18,14,113,240,94,46,40,67,139,255,10,169,1,183,123,58,45,77,125,44,91,8,112,127,117,102,200,197,128,173,68,171,255,74,214,129,99,190,208,245,44,234,69,229,132,86,209,118,223,153,250,52,184,174,255,166,167,63,145,89,156,19,97,164,164,29,37,128,192,237,37,37,133,61,12,165,144,111,68,179,221,232,90,241,219,96,200,96,87,230,29,36,19,90,44,54,93,51,12,163,166,100,177,147,112,72,30,165,15,183,132,177,117,252,60,42,199,232,71,43,8,237,60,224,110,242,10,87,149,123,161,148,86,56,183,24,250,171,179,234,229,77,219,60,154}
local _D18={180,136,159,58,4,44,105,45,183,98,117,100,128,48,189,144,61,191,95,160,69,20,68,242,139,88,98,8,111,43,45,92,20,241,133,61,104,76,201,146,141,235,128,225,163,150,39,94,184,70,154,143,226,120,64,47,114,109,32,209,24,148,58,144,173,235,105,106,12,99,84,123,161,60,141,117,204,15,119,83,6,69,184,74,246,84,13,172,222,230,30,27,54,20,88,218,83,82,89,240,21,135,28,179,81,170,81,106,170,49,194,116,253,129,37,120,70,250,75,234,81,6,116,22,216,9,37,186,61,234,29,240,225,129,193,117,5,218,70,136,148,202,90,72,36,209,33,44,108,212,234,255,189,182,96,215,41,212,213,48,104,250,95,172,114,14,8,81,119,255,45,119,157,211,7,29,167,27,233,58}
local _D19={147,145,200,59,236,162,118,201,182,211,14,162,171,101,21,119,218,174,192,164,73,14,251,220,100,23,5,18,81,149,76,121,23,164,230,5,212,32,149,117,88,108,170,36,131,193,9,41,245,201,195,166,72,249,208,142,23,6,132,81,41,135,5,189,233,12,190,138,119,254,117,147,178,138,93,240,118,80,167,0,175,154,55,136,75,117,114,145,177,111,234,78,41,117,153,151,236,32,51,225,3,47,248,90,75,44,42,219,35,108,164,71,30,113,163,205,151,113,201,20,12,4,113,37,199,95,2,120,81,81,219,168,41,65,247,151,69,4,110,206,3,47,129,9,237,201,217,196,175,54,231,88,99,194,48,241,115,31,225,212,14,27,117,60,14,56,119,229,88,209,139,194,54,187,4,11,176,227,148,177}
local _D20={68,206,66,231,248,144,17,1,81,246,241,187,143,156,44,237,254,106,166,91,87,114,183,35,206,53,54,4,37,148,24,185,53,0,88,179,208,139,75,188,218,126,123,195,65,237,23,209,30,16,78,108,76,197,180,83,247,15,82,177,40,227,14,182,71,108,50,188,33,223,74,215,118,164,149,97,213,138,39,174,82,12,61,34,61,253,79,33,123,21,195,107,168,127,76,96,5,14,92,93,166,98,82,115,119,233,232,142,64,30,182,118,32,150,52,226,65,184,43,185,128,43,54,136,76,124,120,247,197,110,104,237,60,182,2,31,31,128,232,226,240,173,82,228,200,191,146,180,35,130,217,165,27,203,59,87,228,232,34,1,65,154,222,114,201,188,117,26,105,21,240,15,70,10,224,128,164,128,211,15}
local _D21={114,101,93,254,105,222,98,210,239,224,237,250,245,79,234,188,122,60,207,148,59,41,235,231,44,247,28,109,165,200,77,182,48,196,165,106,200,19,27,188,3,174,120,18,110,167,69,119,225,151,59,237,168,41,207,203,143,203,173,96,206,61,167,49,89,62,232,11,82,71,224,102,249,29,101,8,63,180,222,86,43,50,188,197,18,101,73,82,12,88,190,227,225,240,57,184,126,226,143,214,114,79,226,19,8,215,50,237,133,41,253,213,210,80,145,142,113,165,88,250,153,75,252,64,175,124,99,81,178,225,0,106,66,73,161,226,51,114,163,244,94,230,89,11,255,251,216,237,106,49,162,151,4,165,241,53,55,209,71,64,244,255,111,3,74,100,233,175,146,157,182,122,115,233,179,51,137,141,159,57}
local _D22={255,247,95,188,101,214,68,106,47,24,249,193,208,198,45,117,121,66,182,224,64,10,217,86,222,3,61,235,49,248,121,105,194,25,25,163,230,196,145,34,32,189,232,192,224,237,40,122,97,177,236,23,5,126,109,37,124,24,87,120,131,224,73,200,65,156,161,217,101,83,36,152,210,56,62,89,27,67,48,216,139,135,71,144,141,171,134,152,156,201,14,156,201,144,78,142,230,212,5,225,181,31,9,228,78,90,70,69,180,127,91,183,62,46,61,71,99,101,131,238,94,3,25,185,9,238,26,246,43,200,66,187,234,48,234,247,145,21,233,215,43,131,250,186,124,120,95,123,137,158,59,111,167,48,103,56,56,178,62,137,5,237,21,192,169,113,155,128,30,109,134,146,230,193,19,205,61,210,206,52}
local _D23={64,230,176,224,199,77,108,96,213,86,177,120,211,185,148,199,167,205,198,120,109,75,186,15,250,118,200,255,98,184,111,133,17,202,34,25,152,188,113,132,56,9,102,150,255,82,99,117,180,124,47,5,34,125,172,115,226,109,112,204,205,240,85,53,165,74,95,19,103,7,166,20,235,6,197,204,142,36,156,226,162,234,4,231,146,213,46,164,46,174,121,71,118,167,49,202,176,84,166,2,161,31,232,7,5,157,85,2,232,30,89,226,37,217,138,133,81,112,186,52,110,169,39,252,31,221,83,115,188,143,239,124,173,179,195,175,216,153,133,151,64,153,242,44,171,75,41,31,171,208,59,128,227,213,94,42,22,249,158,39,229,20,27,81,180,186,74,33,95,36,8,240,67,40,162,97,245,159,69,231}
local _D24={39,160,198,209,85,99,100,56,164,41,117,37,11,2,193,18,95,161,196,218,23,68,208,93,93,236,71,212,203,156,60,17,68,169,245,221,37,189,197,75,66,191,59,115,212,42,56,58,233,25,214,90,167,177,78,160,68,229,240,45,16,218,188,98,33,207,127,135,76,129,93,86,169,55,222,135,169,12,142,79,43,32,216,97,124,115,177,247,170,200,217,3,16,86,192,59,209,96,220,175,84,145,226,58,164,130,168,47,247,186,194,141,221,4,235,174,165,242,80,182,189,75,70,85,220,191,69,134,123,76,89,200,45,52,167,213,12,158,232,82,54,21,41,97,38,36,66,145,212,160,179,124,218,65,124,212,121,244,124,45,215,156,122,204,251,6,218,148,86,223,47,70,93,210,26,145,75,122,144,178}
local _D25={58,185,57,213,195,136,101,237,70,218,124,156,255,209,17,140,255,44,214,232,36,114,158,132,189,132,132,59,35,182,190,5,151,85,76,18,210,83,128,50,69,70,29,207,251,117,115,84,158,22,49,146,113,108,254,74,116,139,227,127,9,238,50,179,12,6,151,249,234,250,9,151,96,70,228,224,82,220,87,232,105,128,185,169,196,70,142,32,166,120,235,167,18,134,148,173,165,2,141,47,199,20,43,124,161,87,173,89,66,203,175,3,235,86,2,5,162,113,63,55,124,111,228,107,82,145,196,15,132,151,87,42,49,16,194,128,21,82,152,53,169,186,150,73,171,133,149,205,11,101,58,8,244,188,162,225,81,247,230,225,60,104,70,144,129,42,174,102,14,26,74,180,55,209,1,207,255,53,162,215}
local _D26={20,245,118,226,194,249,154,39,155,208,33,29,247,191,131,240,105,114,229,75,148,33,151,189,246,201,122,60,92,195,92,175,12,230,226,81,156,225,50,162,218,43,39,236,37,17,230,24,104,4,93,213,201,64,89,242,202,143,69,161,136,253,182,182,88,56,96,218,90,87,168,160,243,185,95,68,3,215,95,23,9,104,41,80,254,25,13,240,53,209,33,22,62,156,247,252,0,165,204,116,201,149,147,30,152,86,118,75,101,230,38,179,71,168,72,19,14,24,107,52,213,38,47,166,151,23,219,95,243,14,89,85,52,184,224,95,251,102,157,71,1,216,5,212,96,156,223,11,154,132,116,69,142,187,255,127,101,250,128,30,177,189,200,169,52,189,151,12,183,154,165,220,127,143,142,208,53,137,227,147}
local _D27={89,5,22,145,174,192,14,87,92,219,13,134,210,119,117,136,202,84,122,168,70,67,245,52,201,207,227,122,78,24,154,234,156,183,236,151,177,138,20,185,2,167,28,170,113,35,218,104,6,84,160,118,222,89,24,32,27,189,8,161,153,78,97,243,225,73,175,0,14,41,28,251,240,206,27,231,225,124,145,199,213,99,22,192,250,227,56,40,197,73,97,242,49,38,28,220,158,107,51,97,220,251,251,111,33,176,158,97,182,112,216,112,97,152,243,94,93,76,150,104,73,133,227,178,214,231,231,174,17,49,65,58,53,36,173,254,121,28,121,154,125,252,219,142,95,38,133,222,72,30,232,83,2,0,85,103,186,39,84,38,10,149,73,174,247,62,21,20,28,19,88,234,44,2,214,10,37,161,150,193}
local _D28={17,122,78,176,25,100,134,194,10,112,161,220,44,65,233,249,66,182,145,68,63,224,251,55,64,148,145,102,16,226,15,160,196,194,170,92,14,210,29,104,121,180,71,66,225,145,40,208,222,208,240,145,203,25,120,42,84,106,233,105,212,81,111,116,203,8,140,152,184,63,117,130,215,217,152,89,120,211,155,120,171,117,218,220,178,110,104,240,167,130,213,248,50,222,110,239,106,28,211,154,160,31,186,2,255,201,163,63,39,16,109,136,40,147,232,77,91,147,33,120,134,15,7,45,121,20,250,252,144,178,93,204,141,248,69,242,245,246,176,50,59,41,130,142,212,1,167,20,220,213,53,38,148,173,164,21,255,142,47,29,249,145,91,71,37,216,10,36,241,74,239,18,22,4,0,252,67,214,62,162}
local _D29={23,177,174,54,165,169,208,61,145,71,169,50,132,101,121,198,30,107,34,201,183,108,9,88,155,223,109,121,197,96,222,134,171,160,21,21,179,94,45,162,42,71,215,181,89,54,46,147,11,204,52,57,130,152,236,96,92,54,238,51,11,120,174,111,104,80,66,86,137,158,129,180,252,19,71,255,219,44,144,139,170,100,58,96,67,107,210,95,87,104,15,220,109,183,200,213,131,204,120,253,0,122,111,25,100,35,108,219,40,108,244,158,48,201,117,184,174,127,181,228,100,12,193,152,196,26,146,219,128,43,78,244,170,222,80,73,116,121,30,15,23,200,131,46,207,25,86,212,181,5,176,18,179,92,131,41,150,246,38,224,172,98,113,37,15,73,43,83,224,111,89,47,97,45,106,93,164,90,201,221}
local _D30={196,34,184,114,169,115,67,154,215,56,239,182,192,128,86,82,49,114,120,148,17,124,227,69,249,227,221,170,162,18,11,210,99,199,160,199,130,91,20,225,76,13,132,104,0,211,210,199,149,186,85,158,208,132,5,161,131,124,4,155,159,50,45,67,106,71,186,10,28,47,110,167,79,40,161,205,37,30,116,175,229,15,232,85,244,135,164,103,63,131,177,187,199,73,240,144,75,61,110,241,1,202,76,217,162,143,156,180,136,21,164,151,151,155,56,172,13,3,133,28,187,65,138,211,169,106,9,165,6,85,235,152,123,95,138,135,172,172,112,207,213,143,96,22,153,194,72,101,127,126,117,200,210,213,0,30,156,237,122,87,206,241,191,46,50,241,255,6,73,148,193,30,248,154,141,209,22,75,52,216}
local _D31={188,53,167,40,113,108,34,73,7,126,78,33,224,219,212,142,11,117,106,135,57,3,80,138,123,223,230,227,12,71,91,4,165,59,247,201,119,6,171,123,235,119,83,81,151,238,136,238,28,93,161,14,110,244,60,27,58,59,133,127,228,88,192,26,59,124,231,252,153,177,161,141,91,197,70,28,43,178,230,151,166,108,198,66,82,95,169,218,252,129,86,78,199,8,32,90,147,140,234,155,114,236,115,149,78,9,106,211,216,185,83,2,18,92,185,179,135,50,234,150,223,26,3,64,81,28,190,76,14,10,14,90,202,32,161,146,241,131,228,2,98,180,168,203,232,236,47,75,156,248,161,116,165,229,127,187,118,251,79,91,241,115,138,18,195,43,123,24,56,24,60,127,129,104,138,222,176,120,219,192}
local _D32={134,83,99,195,145,122,79,238,233,35,182,252,175,143,3,174,97,35,93,20,146,25,237,144,126,192,113,159,225,12,236,127,17,85,243,84,178,212,124,220,73,0,71,124,25,58,104,214,128,76,40,63,127,200,232,19,250,189,178,228,201,185,192,158,238,146,203,175,125,220,131,107,156,52,109,106,171,82,130,77,131,96,75,119,141,173,183,199,159,101,89,194,2,2,179,47,240,126,163,130,243,14,119,225,94,101,224,109,99,92,136,156,230,108,232,19,251,47,114,229,152,141,68,70,200,114,114,154,92,241,123,71,56,155,22,50,124,85,138,153,174,137,14,227,73,28,195,119,187,76,17,229,126,120,47,188,185,8,231,94,25,53,63,202,223,164,188,139,46,241,130,93,137,73,114,216,227,226,134,164}
local _D33={19,217,124,4,167,138,253,198,88,199,201,11,215,60,29,18,37,185,212,43,14,99,76,74,127,42,36,34,14,183,26,147,45,127,60,153,179,166,116,54,75,236,83,187,138,105,134,74,169,131,85,17,251,246,123,206,113,34,57,92,227,118,54,178,206,134,49,159,166,177,48,125,81,139,75,220,227,170,128,242,67,81,52,121,49,253,199,182,249,136,63,38,218,110,102,48,175,181,248,53,216,101,156,240,167,174,233,15,132,155,169,224,53,155,90,250,157,3,11,156,84,4,202,56,222,26,86,117,200,206,189,38,7,56,72,44,177,235,4,103,137,155,71,38,158,82,210,162,9,183,252,218,198,248,209,219,235,54,125,125,57,14,240,126,92,64,66,106,215,72,43,204,175,111,220,228,175,45,190,62}
local _D34={17,142,174,86,242,39,164,47,45,240,10,118,52,178,123,210,153,81,108,222,121,226,116,166,48,45,87,191,95,112,43,33,196,243,191,171,255,240,35,40,88,219,168,185,31,209,7,44,233,22,148,64,42,120,188,250,178,35,49,59,183,18,139,178,65,144,110,65,21,130,158,225,161,78,177,204,107,150,191,221,174,26,251,243,139,42,75,219,101,39,4,43,241,55,208,233,95,250,248,14,47,174,223,194,228,191,199,170,130,114,230,7,113,251,239,12,87,245,34,83,22,105,39,100,224,21,137,35,20,243,247,30,21,185,252,151,92,186,195,120,7,142,22,24,244,196,68,28,167,15,191,219,177,246,1,109,4,122,181,52,87,150,235,126,224,62,45,159,149,49,1,242,208,10,195,35,194,75,159,104}
local st,guard=1,0
local AL,AM,_C,_PAD
local seeds,payload,decoded,fn,err
local _A,_Cv,_Mm=1103515245,12345,2147483648
while st>0 and guard<100 do
 guard=guard+1
 if st==1 then
  AL="#$%&'()*+,-./0123456789:;<=>?@ABCDEFGHIJKLMNOPQRSTUVWXYZ[\\]^_`abcdefghijklmnopqrstuvw"
  AM={} for i=1,#AL do AM[sub(AL,i,i)]=i-1 end
  _C={}
  _C[1]=[=[)S</>c*9RHKndP-`($\JX(6*/]$/T'oS]q6jvC7pNvg;3=:rD9hc3>J\hTBK(cP1+>)qDlVWIQ$&,8U@Zuc:;#c;(#+mMoYX]=]
  _C[2]=[=[M<GiQ5*\#TQS\I-wrn/_\eSaC&nG@QXsF07#Bw[P`gr38?Af?fX-T>jO==vm?SI>4p2wR:o`pQabu*(=s-/2ZCn`Z>D&G;n3]=]
  _C[3]=[=[9>fSatfY:Xie0lD?;#>Q-sQSG`X*JE3j'>Dp9H@Y`9(aB]gM2QN`-#1fw-]oRLWOZJfk?g7>1?q?>wA8L)Pt+Z0\7l3f'CYR]=]
  _C[4]=[=[W0_:9&*>28?<dEU9wfcs]u6mA70K4Q:TlSDgML$l#a-S/YPa=kb3eUu[G^,wa0.\-6;$AjKKWeA'AKP,F>EXA=94EcAmeG;]]=]
  _C[5]=[=[leC6TB`#[Iopse&7Dr&>S)#dp@sNMG9:r,_P]S^BjjEL6@ld@fdEENw(gCq:[q3\lV0Ke9M<S>KOosgS\bw6<)ZS3Nt<CMfv]=]
  _C[6]=[=[,uwEB&_#l'q0DR4\rS2.AbA$:1>>L?42`8pI?7bkJd0mtDd4P)3OlbmPRd]7MQlqAgSGP_%Krq9l%:a`W'N@]\YG#;Tu(:_n]=]
  _C[7]=[=[pn:o1$e7L>S4Rmpm`/d[Rc`m:v7(RC9wN5H$fd<T3o11WqNT(RVe$N2ia;JVqET9$TkcrEd?j#IV#T*Q0T]5L?Lk7mA.lL`R]=]
  _C[8]=[=[(#h+V*g/^NE[n@w,QrB/_]0@jM]:ZAnnO]:`rZQ@\nH.-?+S?Al)FK))l.<(hw68ZC;&TvK1$9k;H5(?+;mgW=F9\/#%)igU]=]
  _C[9]=[=[$sOfA.>Do)&gY5^,:_]nQ[:),sdPNE2repa$6LQaGm_/r4#[?M;Gpa3Eb<Xt[;R]kFer3Z);9<o,rpkedE:b^$D9$KlBI]`w]=]
  _C[10]=[=[`=a-C2qN$dtPJ'[KmD4SXYv]2=1^AEnD@$=S.\\L]_51NMNa9_U/9)\h+uTHvQ7Owmr2FJ:V03<^)gQqn]aFO@;)aidc7rLR]=]
  _C[11]=[=[<O4f4t??@waDBmbe(3C6Nr?@0_nqlg>d?WBE.,g3kN[:s9[VsjSUC&g8TjO[C[AruWZA-rq\HIBD\A:lS.YP5V-gZQSM%3O5]=]
  _C[12]=[=['X9vK8>?4K0Qc+KV<g4]pg/F$@*SE=66WG1VH.i$'3X@i\L\s&*nW2\,Yf8>dR)TGwE>faJT-1:;7J574Fk$5,LRDX`vmkh6]=]
  _C[13]=[=[C^RCQ3Y8(*/fq2Fho'<bt4><SQ1SigFj2V9@TJG7qdiMM-ti&HvaU`oF\Y]nw<s8gOfb;i7O5k92a@)h,qs2$ukI9`Rd2%Bi]=]
  _C[14]=[=[T_8a&#J)FwX1*c0=3I&QuN0>C=`]_[<RCWD2d+o:0tR`vJudvXf<L.q.H\C%<2$ssKmFAvg=[*dA$qN_qWjPjk?%PvJ$Y:u5]=]
  _C[15]=[=[<(>R2^Ah*$a8s8DuF'ZW@Pbuk0Xl:=di:DKYY&_T't>O;h'7A+TMp?,bai'k*OeK_n5u8AW?Sad2'XP73]+a'X9m4)8`:(pJ]=]
  _C[16]=[=[]IE7ffgGHBkD#UHJmrOwo%CJ>>C,`:j=VaL^WC;h3kLBRC^gu.^nVoK3mAl@t.R'lOLe'tq6DP7aU6_smTMLjK$h+I?mdZS]]=]
  _C[17]=[=[)^[:G$^9/Kdm8B49]Ws>(<`BUwJ3T5t\bQD[jav#;4@F5(,[(;abQ1'O;VW08X5X\VjvRC.cq)_qNhZIX\br&s@WWc)w*#b^]=]
  _C[18]=[=[<YdBR7^3.3j#mN>fKcp&_8]WKRf1#lPpw9MF:2s#Mw?33&&.[@Sq;tathGSDSl/E@LKqTaplQh86g3H=BGTgL_4NBKgYV$L5]=]
  _C[19]=[=[qoKtd1>o^61#BV:h#9C+2G7a=:ZA]#0^U:9T>P7E*.01tBX[W2s#0)SU0_#0B6%BsG6$6VubLGe>N*'UZ.HU:?%\rV+Eoq8@]=]
  _C[20]=[=[Jn*n=rmhA<qQdu@c[(=?mBL+^M?7f'25LbYA/eI`0Uhp;B+?uJMa';XV0waLP6wp[(0t0A:_nA#,`h@Ij@5&rdU<NqE,UDhE]=]
  _C[21]=[=[rql,SJ\*P^/Y+.G=7+Kv5`R/F:RO<koc2RiKSjr^nC3@i,i1P/$&E1O-rqIEIL)eL,fI'`b[0')>:W`>3j3E)<_qW5@%6UpZ]=]
  _C[22]=[=[P9rZ,4)S<I$_tmRm8Y.i,+ek^_oA>Kw2DSNm`+m\Rt0[0E?10?dQJ79Bupet:jhQJk&;I:HcO::@+.LQ_+Ma.Jn]H?0;N9Z4]=]
  _C[23]=[=[uv2(Z\n\rSC7JDX#<eA$MtIn69_o%,CO3N(eA#9N@#YW(wN\WLhXFZ7FBQ.-4fReMQBqSwqspgKurrJNdI5tVg(7A9Bh\$W.]=]
  _C[24]=[=[/Zp0q$cnN9L29PScD8^/D#a*;l^0+g+$`6ow\.^(sD0uVX=G]C%QOM-QZk:QEdjR2H0ld@OE%8apl7%I;F?M7'H[%taRQ*Gh]=]
  _C[25]=[=[r-'N'gJew*iq7T9B-&_s*5++H?2qDOs2L_6QLj$WPh\q11GHA*qb=b&WMr(P..EG\1.B4'UC;RtDCfBU)HiL+Trogv.k,UP9]=]
  _C[26]=[=[HReV8kEr+'0#qckqk[UvBo\Brf]Dn)P+'CUFd&Jc4au2]D3@?5O.*'E`j?uZaLolSK((c%t(h]Z8T?3Fo@sAli2)#:Yh\PY*]=]
  _C[27]=[=[BZ*?j\vds6GTs*t8PF/`0X\S5#bcY@[Rmb^h9rodD'=d9R,P6>?N6j9^wj_le8'TQ^KWs+U=_;QRhpoAYM5XG_sD2MLpW:=[]=]
  _C[28]=[=[5p(N0fBdi2O5;ktnBO)AY`YtV\T>#;HbVomPb)ZpoL]X)o&1qOR;:DcobLIYOmUKT%3TrfJI9e#pT?0hkf%\IDBQ+w@sZ:$R]=]
  _C[29]=[=[SZ%h+61fb(_t&b]D-(Hp+h;`?.+aoDS&$i_26tr`JWDP,RreX\\CVpGU@55)BDXQJH)<bu92.%.B8>e<wt^%H%]\&>,v\p-w]=]
  _C[30]=[=[q<m@U+fVRELXc02:?iE6[&95]8tT@,#rNM0a/WVg5Z)3r:5l$.s.Z9LcNmE5a^dl7It^SawE(9Et##Jli^3cB>QsvWbP\T?&]=]
  _C[31]=[=[SrCe`bCjX+5'J4TZRcD1N2m(4`5u9VAm5<3E0Rr:>m&Ve;u;gIjSb'n0<a1n)q5>vOVj@*E%#Ks:Rl1<#eA(4bD;7d2SUHD=]=]
  _C[32]=[=[^P\#e\1wZA%:^cg5*i$jD\Ts&9'Rh`2P8C5jNJwcFM555t\(MpNH69&N.<jNvg.=CNN?q,lQZuV#.^$]g#PaAQnU7VVJ._fG]=]
  _C[33]=[=[uCf$_avaT$]le,%l/6hC:-5hW.<EE<Z5gsRWu(Q`?A&T.5+)7=p87-8r']qBkqGn.o/G%4NA93Z;Lf5>oCUXM)HfU?8w)n#5]=]
  _C[34]=[=[EcqNj2OltMHH4O4[L-'L?9#cXLTa?Vi:9Z6^teP&u41MFS$7\ZMdPA^-7?]L;8L3f+p=^U)q6.DB8GHAO[PQVOQ&S.@U<B^Q]=]
  _C[35]=[=[3K^jqZd7i]^]geMg^vUOK=D\N7Pb?-2I5Qa*R4Z_,6.0YKGgTD=h.1[XFR4%as]lM)Y@&X`LC]T01(3#\2DG,aE`D4C't9w']=]
  _C[36]=[=[n:h3+mpgMFMWp-=s0/*cGEU0mLr`8OjEB2]PGN2w>rTq$9wO<b4cofUMl>DN-uLT%at*U*1@e>#4o<<A.vT*])Ls3eLR9WH:]=]
  _C[37]=[=[F]&se]DLv/+:q')?H_>'S`ik+C^&`9h2n'f-)@KkLH:?]`MJ4(ZV#dD:&c?9j9W\Xc'PnV3*%BnSFY<J1YiCDl]RHrT8O%WQ]=]
  _C[38]=[=[PBkX_A%i$B95%-.X*o,\RI]$\(,RaIeGQ0X$Q?]ZI*g5ZigCpWXjkMT]v++82#vWX''+\XQ=+725b^trO/><USQ84aR*#re>]=]
  _C[39]=[=[[3$oi(r?F5`PW6u;97Ute8Y:#1f\pSP9ndd2V)M7ttDK##R>O7iUFYKNtn0.w08:d?1lOCDe.drXr&n*E_^X\Q/:+hL,.Qp:]=]
  _C[40]=[=[0%'8JCo%/_w%Jn3jE:LiV#*uuu5D@&^BRh%>+KNo`TMZ;WV%@rMM_=Ym&K*cok_Oa^7WCou#sV-[6fd[GF-duYkERK2ep9>D]=]
  _C[41]=[=[,JZ:B&KL`50`F0ZGn(SIJYE][p&W8oe)L/W`i6h#J5;Q/l/G+aad)=c778v1VHJX%Uk'[E-rJ)kc[w^$s[.>[Z.K*WI&Eq:,]=]
  _C[42]=[=[GTJb[gM4pD5>$ADTp8nk`r6.B?vXm3tpX'`Uc(+mo^]^OAckDVgGMXRQ\-/ntD[D-1#oOL(@1mXPDqPt;cdJPwT`gB@'OJbl]=]
  _C[43]=[=[%UF9O]Qo(Ht)WMUFV#5u&5KRTuP&P>kk.tD,t$cKHV@Fa(.Qh`OD46D4bAno0.3jfECdP#Lm>^<R?P8YlN8jTO'MFoe>jg*a]=]
  _C[44]=[=[#^]fPVsh3m44\$L_'GO_OdV<f5DKumwH0Y,jLA89#bC=1r-OmmUa&;UmL@C&7El\l]k$wCmu7'knI:42wml4EavctLP[CYac]=]
  _C[45]=[=[]j0Q_+V#c6JfHMoe?W>;l=KBRb+>8,#rl$_HcCoc[RIUR];;QbnFrOu9(nOrYnrgL@RGf#JY^QoAcBVYfMZG<J=JeH#^K_tA]=]
  _C[46]=[=[id%acOXZY+6u0f(_]5.]_DWA^%M?^B9(H_TtjDGUq6c:nH?a>/Hc$R#l=,1,9L+va8jEw:$.SO/o_OnkA1Z0CFgUe<NFv(>h]=]
  _C[47]=[=[AGlQ;@HT5@XhQMb[l%6Gkt\WWC<??(hMSkR<7V]5K7_0i(.R.t/udsWekf@XC;F$`v37_4H>o2=>'=lJR(:$21#RG5W]rC`M]=]
  _C[48]=[=[HLB1Jts]35#Ikqr1k8#-o_sd9CvIsbcLJIc_RB>VZ9'>w'30f_4pp(n'nC(MZ-DNQ]fbUU6Rh3Z'4@$'c+pnwrH^DDX-f*\2]=]
  _C[49]=[=[nV#?d3#017rFjZIb))*ER*4gQK*Tg5_gNTA\FW(_Hc[baQ(UkYFF50O151.#f]G2.mZ]\kuBchQUi:P'Z$\A(ZvQrKvQF6%M]=]
  _C[50]=[=[AP6cZTVTd$E=%dZST%<eu8pe]fkrMlu7w]^>h3UT[N5HHa`h?s#_AV*D`6R=TUR;(cH#4aVG(Ub?Y0J3o4[PD=(r/a#edgV\]=]
  _C[51]=[=[qkbFGX7?=mf5VU'RFM4EkfI>^\=i>,NcH\Djl%ZXX4<7ft^YWVL]PpofFs;.VQ1t')fNs_GCFM[]<)TEU#2;7CA1]G?Z&>82]=]
  _C[52]=[=[NPA)aV.d^n*PT5#t@aN=^1;dPEwlqNpkT:90>KdYL?tN&0lho_S4SabUdrK8#HkfpY68:^D;*gEQt#d9)ejMgCpi`iC/q.IY]=]
  _C[53]=[=[w(,jv74r`Jcq=aE0QvVElchLL)c##m&lVtU@8EMp\fLAMF2G@#S@vgwUq=5YPoa7U_VDqb^-\Ut[k_G3A$_s#Nr%8J+`2ZPS]=]
  _C[54]=[=[8-#27DCAl`Tuf_6Rho5T[,I3ff</aAiY>AGT=rOg-Y>cES=?=ps.aNgFUJv/j#Wt\>%(/Z@9YE4iX4956I20E/A/C1(esXUW]=]
  _C[55]=[=[*4;\XRO)75a\/mq%deT?7smdN0Nl',B?4kC\ERn6=qb@n'7G.5gfuFXp*+WA^).cu^\=lYKXjct@D*+S3/;^Ss$3t'pQ4&@Q]=]
  _C[56]=[=[%PWfqIv.Bu)Qn'4bT+(??we^pC$Xc\&9w18)Z0aHbSDF]kE&c8#[hc4LA0vBNFnY'B*'iv_NN2o>0-F?M2e&($<3hDA<1L@<]=]
  _C[57]=[=[L5ehcnp]&lL_v;3.kl6]kr,XL/-cD:7iK60t+2b8)Fo:6,b3pF]wY7K;s]A<5<FXQ4['WBsJHm0.m/4p6h:E=c*k<114u1(O]=]
  _C[58]=[=[Vf.gd[0V])kjE4=(ej.mlO,>\j=7/JW(L7egT(c(8LBg(XaKq9?mG+VpcWkimc@)SF?e9WDO.3F1'&@%^,VQXj%Fp6.\3d;j]=]
  _C[59]=[=[-.)R]eJF>QqIN<=usrWtEb(rDKnq#5_5oq+t(W21;[_AmF-.\8Q=&WJJg/-v:LsD\se=J09Dl6*Gb@V&@0i&j2_j%M'g<&B_]=]
  _C[60]=[=[j'5O`GUp&MN3pj`e$VS'rjiY[4?Mihw.$ZDtGhBa`gV8K'JwF?ZVG3-h&smql()boVGtAJT0qX5Qm6Rcqs`&Hc/dRo^tD052]=]
  _C[61]=[=[-\vIasFQV\ge1PY:L1>[MDtBH]K'[&ntq/$[s0caY>uHiL2?1PDQwh%#]cr)p0V#d,sook-rJ0@Pu^Rr1e`9P(u7;_evGRn6]=]
  _C[62]=[=[B:ss+3n::<`YM%.jOqM#/VwlCD&9;peGJO)nlkK-_Z,#FY>s`iKgo:a9+wH[&wCjnOP:>PN0$A'daK#J:t$b8qvr%iG`o)d(]=]
  _C[63]=[=[ioR9CdAs)oS=CVU*^\D[gM7VBXKed9N?*YEX#>*-)d%hI1mo?Ufr56F=gqNb%%0UdS5_0ei=A]vL<`UQ.^,(Q*Xp(^?)n96_]=]
  _C[64]=[=[oh;+jXisERBZFX4VJlD0i2@nt7D4U:;qghL>-;v8(Ag,.LMJ$iTWigT<r:+rTi-+N7XKS6`H&i6\Hqg]v30GEi3dX-31S1T5]=]
  _C[65]=[=[L>dAi)'#G`;XNdvASOJ_GCXuBA=RuBem)ePH8knS6hH'IT(\+hE5,)hH$kH5>T=lb'^7&*BoQ&Soq;H8nJp5)*e9nB5h<nuO]=]
  _C[66]=[=[+I.)TCBk\QIhR*'(]wOrV8oNK/7hNvt#j0W\nYJm%X0tWK*au\WKc^qZ2/@;Ef$Vu_XEvq59/0c[$vord#wiqK?,%4)^;PhU]=]
  _C[67]=[=[&C:>U(n)$XZ:MC_+o^X$9>CRTt$$ppD*L45D91%(R_O`E][(hsQ&'oXp,32;L+T7B2b)XbcY/h3JIVK;]j]aaU;Fr%GM6$oI]=]
  _C[68]=[=[u#':N+$WEeSwF'2uT*bc:Y77FkI-c+QL4DEskv[AvWu1a3nYW$moio0SA1Ri',RQcbwlDQnl=C?G:L_qais\Z[F9X1L&./C<]=]
  _C[69]=[=[*R,fCS;lTpA[XY0P1=LsK973#ob/>\_O*L'B`nB.I^<=%(fl,'5GFBCIYg&v+JkWnW;mM&L'I<^erkLC0$ae(IpW6d&HnX,S]=]
  _C[70]=[=[UibZwE$5a=h*UEN<W%Ud/qE;c@,ncg<An;1\EL?It$%,W4\b+<?**@EQfQ=-^.U_wdg0:Xv>F:l*P?SffnjD7Q;&<2Dl4YRs]=]
  _C[71]=char(97,101,71,60,76,97,42,55,105,105,95,98,67,100,103,71,81,38,110,74,101,66,103,47,72,42,108,94,117,39,86,96,46,54,51,75,62,85,76,84,91,91,113,43,98,104,46,110,57,96,53,68,73,65,85,61,87,81,82,71,72,62,70,112,63,116,116,69,40,97,42,82,64,37,98,87,41,51,89,77,74,48,52,83,52,42,110,115,95,65,47,37,91,55,45,99)
  _C[72]=[=[h4cDVtY'sYDBtnJw,kHWog'WrQVuA([g6NJFvqRQB@(^M9,o(0kN/D-5YNqOOc#\S4Tt<]QB*\.$(uYDV^8P2JOSNGF2saa?]=]
  _C[73]=[=[7\X0]aq)H=SlbCI[wq]9FiKlO'PNc)A9+>*$iS:qeGO=aj..m5<gKjMlDa&;IC`IC[BvG5m9IF2\LrM-NU@i]H.VVb1XqkT:]=]
  _C[74]=[=[6_42n+RQn)w)rjK]Enn:'ns@UNA`R#awY<n<P\?Rwh>wGrhmj8dJFtBH7V#dg)^FQTRHMb7vr/?q<E<O0M<or<QX:5'IZk8v]=]
  _C[75]=[=[Pi0G]>=nM_uUFS<kgA#fh5L:\I1Nk@De@hDBu.f=F[*dq?FjbvH+H4j=<dG6q2F=VWso)FQHX,D-O.Anblvpeg8O@JdUM%0?]=]
  _C[76]=[=[9BCD<(8D&hl-g<.I8rQe_.<Ivcb^v%+(63Y-OPEmMOrdH)k42WR2@-$eq&WuHZoFnM#'BlV6EguS\1-@2cvX1;,+nJf`DS$M]=]
  _C[77]=[=[Qfe)?G'_;[I*J&$P4W+>/QbcfUnH@&s5XJSLJ`QJWDjpT@Z`mJEP_23OGoa`v4XQYmJh6'FThhsa(Pqm8w)Fs3]p(1%%Dh7i]=]
  _C[78]=[=[N[@gHgrY)K7QWq3h=)c+X6a<D?p-HB8u+NZ7?TI&N%cR.+_nXVi]Fs^ri9KwkEl=.`2JY4%^v;`D\Dk=jj?KiA)Lpks=HS^*]=]
  _C[79]=[=[T#98:#;S#?%]K2r3<VBhs<_&#BXmfwE3H&GFw18ndQqj325u4&Mt=EL,JTRd'S2kOU%.w=\gcmp'IsW0_EP^7_K,VI=<(TT4]=]
  _C[80]=[=[\o=Q/[q=tG\.bSR+SVF6h^g-a=^I7*O2sdEi^I_b\%1uhR,'imlgh:MmHj(wSMD`i4W??Z_1c^,L#$8*A[k@UHFIdAHLtWb<]=]
  _C[81]=[=[5IU6Ptj.0W-[3mg/LUh#[W@Ps2r6coLPq@3pCK/:Epk>JXBgwHK+lP;F@ROSOdmDeCCc.2#US]J9`En@*>NcPhlPqud2,Gi+]=]
  _C[82]=[=[SvOZdfljG&_GhwA/+bs&7a*kNI93%$%eB\kKGEd-_`k)dDtYg<.`aaC[`Ru_+WlZ6SJ'O@/IK5TN<I_EXQin;nYGVh[Rv#*]]=]
  _C[83]=[=[J)#8r-HBr#?2ntVZA<EUs\3_$u[Z\(X?gfipJjqF28BKe&4F6rSF>*ithi_3C^g/[v&%>()\nnhT6Z[H+Dl45B5E>3>QH_i>]=]
  _C[84]=[=['qBP,s4UK5\DH^Dk2H;qgUk:0FY$;eCLkfgw8[?k(&MLd:uj:7?`TO'Fi4a\B=AYfqp]2>BhdiFK3ijN7v=86EK]V=to\e_O]=]
  _C[85]=[=[*MM])r[Q0l-Q5Dt7#BX(R,ZGT+MJ?3LhhSa9$4(oPSbOw2aw'hO-)]PCGTm)obuW:v=&p2@P$)$=Bt_D;?oZF%WAclH]/5k0]=]
  _C[86]=[=[W;(]a;S77;F1aU283i:&?f4j.-%@RC0mL;?lk6Jk/(f3Q^k*WKr&ipMeN6,3%e7RO@X%jNj75Ai`]it2k;kmpVotl]JdtAN4]=]
  _C[87]=[=[wO=SGs$@S2efh#_RURcJoGIW+?Iuql)LGmX*@kL+Z8mt2_<^^hj'VT;-n:CE>O_JS\*g``5A',\DltSCK&N::\1A=p1%.-_A]=]
  _C[88]=[=[FSV2&$lW#K;oAdINY6O<T.1BYS@-UgZhmY?bO([qbKwaDhNv5D8p?t@HL>'H_j9'sj9XRP\]6U(1(e4^i49i)qh8$GL3;1RB]=]
  _C[89]=[=[:B.v56T(+RF8@dGB[U[jiXb?<j8K*od`^;2m+7p<#94NAqX9N6PUpJa34j^kU<P3ic3'ek:gmH7;09>2TFA[P/89dT198^E=]=]
  _C[90]=[=[:L\Kcb[\ZK`%L[Z+/uW6eT&^\rDQE4?;Q(P*u0YWlcuD__Kr#*Nc+r>I+[e=?)V@luQFBI22V[_?:iJGWS%Z^msC99veU?F']=]
  _C[91]=[=[:(`V&^)X&DhGA9>*Z:&@JlwrI8DjUR@E6,l+TK)5\8W/,+uqp&9Bq(`'wF:FbRrNU:p>Fb*TTVOl3aPh,1dM)+w0$($iVU:]]=]
  _C[92]=[=[&_KQsD^s8e[??K<;85(Ri>]qhfjYT._`ciCLG#Q?k568/UF&r+@v=0^'h[i6d702d.a?JSBT`'2iX0.&-,19laBsand(YO.T]=]
  _C[93]=[=[*B[8Bm,YNH=>>P6_Y^p9cd&D2cJUAB4rfVE)l&N8D-2jf\2pY4v'ZhP'd%ob6HPmNta(\QGfmWr-CL'.Cn]Ig=A3TfE?RJV?]=]
  _C[94]=[=[*%F&QR/e$Z+oXfbfc*j@+H5D(M<_&dSmQ-:vLfUZ4O[eAwt6'OQa:=pSbN7>=IP5j1e/Nw#QdmD?MXDOff9B#oF+:C&[0`Qn]=]
  _C[95]=[=[D28;'^K1qQvnsE#Q4-<=EK9XD5W0SE<p8W0)$K+<6)iLw*Br^wo<,HU^r[:+drBmumdCwCqU6G^ZXTa>Ne1*4i&3M$NTh,\Z]=]
  _C[96]=[=[H2g%'oRa`u@3HQ,q%:?HMt\=\qNO.cDs:q)S>iOe)eqN@J6Z>orVEKd8iQ%@\TOD08YV%k;JvFK[N%f@PXE2oON\BGktoBH\]=]
  _C[97]=[=[>]-H33l)3tjgPO1_\\DNXt-Yh<NF#@f>d;NBg^:t^GF@UsQqfm@<\[u*L)lN`,^=QSR7pHw+gW*Un@Q7?n8r*wBeBWItGZ&h]=]
  _C[98]=[=['_L))3/We.c%l=d+c3l9=EtJD$q^j<w)p09tq1J*/Z*briRlVe]@<nIvHF'$E]G0I%M+qv-kVg^wp16,n^@lHaI<5Wr_um]P]=]
  _C[99]=[=[wM:f<OMml^d96g1Z`S0Av%\HgKRlcEu)W(/?^3F2>CJn<KAiZWb?(rTu3+@.pJk2cU6gV#vWCI2FNfmHpnn'I+U6k_^ojg$B]=]
  _C[100]=[=[oI#ROnHQoSpGOV$s-eIqBQ&s5dM]EItVtEpCVl5'_+]D``TVHNO<&-X<0rH5J_0tfqT4\)<giNY1Z7KD_ATW2*)JQnVDADMw]=]
  _C[101]=[=[]BI4g`F#gm)tN%#KIc<H4LQ:fNdfa_(j00oNHR2S4p/44p?p+ir+sEmi?P`++nsok`?,O$Q#3q3e>>w93#8%T%(,Cog1v%fV]=]
  _C[102]=[=[1;.tKuuIO/(;<OpqMn29U2^j'aY;2.\Sn&qOCK(5Mw%93m<m#YhZ+ji5wS3H]@'uKdL[EOCigC)4nja/i7ko&:,Sp54M]ZS#]=]
  _C[103]=[=[%#ek<+<?:a,>+4PM70rS19aS_v4F=;mPmh4hXggHnZkQ/c*9W?Z'VRF-CKbA[Q#@)t^\Pkg%5Zhui8#Rg<oW(QAS<26]a>tG]=]
  _C[104]=[=[=b\rjG'qpr4jAD-5`1ug/>NkiRjt=%<?-(EDi(J21<gW$L6c:Dm;AA>Sph<AZ:p^H6h+UlkXiTRAq=PNtTl/e2Q?@GLsJ3gU]=]
  _C[105]=[=[5-t(Q7+\vq`H_w@l`*_b,Fbmk+H,&m97lY0i3UH=X^kLLW-pOmXE+?4WrC(mUZ;<R2PhGvlhEcr?H=qvnN?ngm8@jW.ljjMW]=]
  _C[106]=[=[>C'*mR,^Z4e6-.rLXcuE^ZGZM<h)h-B6i%k,&;S;OKl#H$m?'@-Wf^&`YW@it.>QS+%Bf#li$>uSWTV-Jb_`QYvIs?S,`wdc]=]
  _C[107]=[=[&W$dV`?6Je(/;33LIgH>dg=O@FL+q39,ei`CFDODt+#+#pp<wpe*6Za6d<18Q#13gVp8p%LWKI84VL[1(kYfN*9Ui6A7qd3W]=]
  _C[108]=[=[2R;sC)`qWc)ZgaTZ]]\&wP^j/,RfS\sC=T8)82R'f38C'j*.UPjIWhgvEw?rCl`1d:?ELv^B*pbP@RB'^ULKS5n/Mr>wkppg]=]
  _C[109]=[=[+L3%SJ8InOX'<a-I#q^g'R#T2ERbT)Vh;)R`+&%N7aK6(I-Ft7tBdi[S;.Th8WD'^AfJgUYNgOmJ(edMcdJ2o]Z*WwQXJ`M>]=]
  _C[110]=[=[G<$p.q/e:wr?[bf1l6NaQ,aj-Q4s)4eDqe.K]b*;N>RC32mXI;d_1b\8`0(T&60f=Pn7Z;J^1IDJ2Z]YuUt4@42f:^oCujg-]=]
  _C[111]=[=[,]<Bkka[ZkHV^Yf'l78AmB:mraf5K78f8G)sFB<4=D%q*YDew<P4fH^UU3U:#Mj2/.>swLC's,)G]P5Q'V;ErYa$.CSi$nH>]=]
  _C[112]=[=[qU^,)<m'A1+fb[:&OdUN#-c,)`@%Dh.VeK_FS%C9hJu'_\ME`-cn(%kBd+)PfV-t^J^BOXn]aqRG5,5_5QI-Mj%bfodg#I/G]=]
  _C[113]=[=[hq7n:ffUK&^o#a9-iS$WH7k%Oo[b]#3?[pov=CI;oW\,GsSK+N#_;'M\NDZIk4Ret%QE823$ROXX4IB?(&A3rQ$bR6)[q0Te]=]
  _C[114]=[=[.,f?N*DMMOU7hEKC%?jl2>mS;+J*UmhQqga#LlE2j+Vl@=k#ZL@/NDc@p?SPs>X.)tMFGW@sc'7b?T`s]ajTWm4?k&SDsGF/]=]
  _C[115]=[=[pD(r%+?*:^<q6XsJt_(so1$4U;XpiI&c$p,?KmeupbG\]E$]JH-5/>M:>Aks#o=Lp.4q/MIW?%G@rpKlFKn[%>QnkcX,N;21]=]
  _C[116]=[=[%f(t'dV%U/*s\l$/76d4-1$XN2K<Z#H3@eW1sqeb`^Q50_.D<*[SU=>t8Y99_LOp)bI5St<J:a@.p^%3Dkrb39%k:4+@2@<$]=]
  _C[117]=[=[bPGiZb6F.4=op0]qm>KlKTh(/J7aI%TLoQiOBvIq_J?ZAuVMCd?g9.,*m+ZTW3#TlcS9bC@vd>X*=9:q>>8HGp:/D_[J,c%5]=]
  _C[118]=[=[CwEec&Go(w^6F.I*S;K9'V1SI@4505*ThckHI_eldEpfKamds)UQ_4oW9vibn>f_bGl:2hC]vjdA*g@Q9&?C?qSTMOiG`P8e]=]
  _C[119]=[=[hhW;gn(bM#VIFPhZR8OvY&>pP'R3X7A&i)qNQCTP#2l<(O(1pOqSj*ork$bAH_4HEpHk2$U=U>a+2+=.mlY?6%nS;/Acqv^%]=]
  _C[120]=[=[<AsPtWD+OY[bbt8qCM@(E&3;WS<]31glbXH8a?w<FWemwQL?@ch?6XSj&6(`igQ_rc\P<h*0&Lv]Y<.lme-l,JPWY72\HiCJ]=]
  _C[121]=[=[O_a0'Nl2k1o&fv)3V<?.3YV58&kGTkCjhLs)\ZwYu%k)HF$wLcegNt_XIST0\7ih`#6]-O0`22ebPkKtt7T*;ra-5sSBE^4F]=]
  _C[122]=[=[/l-A,UwH1S;gWlR1Nh6/6rwOkE_ugUtF[=:#wB/[Dl-g<HLA?0P6_b?ouw,;0hnT(g[\\)hQ^CR,kBGZjYb**Eq5urX=H_o0]=]
  _C[123]=[=[hDrQd[o3K;@Gtqg+o5H<AVW-;+h#@4^,vkc:.Ia.l<Gme><)QFva)Tw/Jdd@+g8VINdRGvLB8pc/]4Go5]i(hV@A?0;34VBf]=]
  _C[124]=[=[`+TU)odcEgIVkUJ4Ti>k=rmsE</?R]0KlsgLqrvmPr1QFVkQ51d;F/p:58#0GI3f]oF?@%:T2*4D>l81jnkmV`+VRwR$SZ)o]=]
  _C[125]=[=[`W^TF5ShAd86N^>=A9rD?:0([%Z'WU%eOke[Q]FKdHTJkrSZFPBS96@\85c*cDcLkq2OBW8Z+OGqo'I2$T/q%RAhg]_t3hM']=]
  _C[126]=[=[ZtNwNNv]8IceZjs7,P^u'c0ag*faS^'h,_6.)dY)j`K3DsL:YvaH@@IP):'+@D3S2^HBRe1[q`[Jk;cSRX9DFBPWSMLsvVm9]=]
  _C[127]=[=[7q<Cr0UH0W2ns5H\'kVC0'lfl9cDa_AA0gq\u5O[r1l7RYPF)sJ.R^ZQ64fN&;bb-V;]`-We#gmln2^Lh%]#^E&ci]lcpvmG]=]
  _C[128]=[=[*FMFFdaep47rq=@:UH[Q6fW<<Cj1`VrRsSd&b`ZwI9Sc=UQh6+Jv[&=mi%Ef^Q,Bc>RaBC:%+D+%6g-qM+Voa%E4\m[Dw_kJ]=]
  _C[129]=[=[iuUWRt+7f`=JEcGp-_cWubqb=%4qo:M_RCTM^-cP\XqRR6gWuUw?oZ5DN5M%BEa30OtjW/Y:-Frb9QgMekn;=)gYIlEhA:-a]=]
  _C[130]=[=[WQ72/N=5ws_L$8RS$FOXRrW_LJ#'8#uIqPfTQ$(nB3>Q=gtRcN.dKIJs\sFJm=rT4WkZ_svh;c^I`'lFY1T=XO0O5cZA`jZ8]=]
  _C[131]=[=[]fX+h?O%/,.o=&/b;3ZsXV2amdH6iJ[*X`)a)*W65K7Hos'DR%,Iwg,.+u=)6*)(%ZEEfFpt]Jh+Q7s:p=ei]/EsL.j<O,t@]=]
  _C[132]=[=['<jZi2wn^%v61j$L:Zqo7gZ@fQNnO9?Z+V'66<5.fSDs7*G%j1cV=tSd^uwc&#]H>hiY#sG]Bv+e#tLnWdR`#mj7](2Cn1Fv]=]
  _C[133]=[=[0%QPY*dNWW:f5ewLw@(./R\m&,hD_t7rIAo7\N[)/S/@+v-V6$vjSq+d9Y8ng(@oQDPs$QCo-5h4CrUD/#pY3C9l^dT.$d76]=]
  _C[134]=[=[3R[4IcZ(bN0R1WYW:9WF$3\6JX(0$e'v6IfcUm\ctNX-v&Csa)ic$JKF'dKpKbp%d>uO5[6q`@K6'sXJ(BI?-5N-9rFv?SJ+]=]
  _C[135]=[=[6s+S@&'o4ccd54[mc^fwMKHr:L*gC3_'cnDNJgYw'-[.>m+M,SrS&81?->PhU>T:SlMaEYeKeSF:(em0jSc=vu7X1nJ.n.'?]=]
  _C[136]=[=[AKE\sS76a0@ul[+n@VV1F[\>BA9vg[$3O6\i#o^dSfucG93T7cZFBk6gopNGbO7q*&eOtmeZ$[t7]3#tI(;O:0aRow[P2m<k]=]
  _C[137]=[=[W^*U\5@+pKuGkI+2@tYI3L#1#&/wwah>@n;5(-<ZY?JZFVp7[R$sn#L7&t'nRnne1#I1acskXTlHv6U0K'E*&&Y\bm#gZ0qR]=]
  _C[138]=[=[l)q4j2%vO5Z)?8[1UUm.P#3sUI5)X*(DiR]%p%Ehj3bQBaJoCY=UWn3i]VKAsj-R=wfwmLKuTr5bnA@o*Tp.>>X3JesP;>>_]=]
  _C[139]=[=[uaXdLd[NI8d*(k[f2VZ`HB3(i,<8%,?XQ.:'j)4CUVWZR.@gkpbsA9AvQB$^d:T:#cv6W+PdJCt&_NIqKQ<J11JDL_<W$FIi]=]
  _C[140]=[=[]OYP?+.IKn(,B2JqaWDVSHLuA`9ca0@;A-5aP,Hgb_mkX:+6b5#3k#1tpl4q..<2rKs&6'\9*S[-mM^oR:CHPG+4VKTc'koV]=]
  _C[141]=[=[>`0v[qwE>3m[W&JH``YcKZN:b/a8qU^0,SG?UeT\]u5_C[U-YqHRL,7Dl/<mV4VrM+KI0WJ%m*2h?a?s(v^<2W`1MK1Tw-[(]=]
  _C[142]=char(54,91,35,101,93,38,76,110,118,116,103,93,61,50,97,99,87,67,61,36,109,44,69,56,53,82,67,115,78,95,101,101,39,85,105,100,59,77,118,64,68,52,92,113,36,103,41,100,51,46,40,94,50,49,64,67,90,114,73,49,97,111,108,113,73,93,43,37,103,87,57,43,37,42,114,58,81,59,37,115,69,61,69,70,72,51,83,56,51,75,45,113,98,57,81,105)
  _C[143]=[=[?CDFdcGi,hP^LA>F0/V/g@\).'BD,R2g9Qbq3lpn:YC.$*ob)6%3$^Ail++_o&oO4o``@Oj8*FwXpa&u`mq^-1`E[p=XNa1[]=]
  _C[144]=[=[\WBL]Be)OjP.LOwJeIW#`gBL/4gHG0,pb9=(r^\%hVnRXc>]HK.=X5N)`M^Jw?-obTjXO@WjaiYCY8,^'n'WgbmGMG0_6&7q]=]
  _C[145]=[=[OOF7P0?IG8,DY88H$OXpwr1pre`R9pv$r_\^EI?o<=HgGElj4-kt[h+VVa7NQ`UMS7S6g838Y73M6$u35`%=Z;$C+Td*q\4)]=]
  _C[146]=[=[GFs2^\TbfK5hJ,C5qmqvpiL$C(X-He\0wO\u4kpr6i$@h%ip't6k^CM+/P@l?*DfGdI.C*P+t&Pm<pdB+lB4-6ZpE$pJatOL]=]
  _C[147]=[=[tM>u5)l4sM-2C%Q=A.VIp9I`feFXDpSrcK<+\VoUZ)+Y-ptX9),'@hSjJFa=L+6THe*+`0?qaP,'2FYs8`-/Mgm&0HFYU(7A]=]
  _C[148]=[=[DY7@rmA@l,aLa8%IwlU]XC%7GTs4E[nt/e[nKlcpZCOu&'7CiY8BCV=GwGtUUwUISi'QG3lgQN-8;uB,(%1r'_g.qB5P0f_e]=]
  _C[149]=[=[MdTphCKQ?#5^4N++s;_hkkGsrbK5Ess4^g*aHiqm*Ms/*f]NBE*/kA[+P4me`fJM(T[E[AtIe7?GcSMJ+?[UFej&8S2Sr?co]=]
  _C[150]=[=[?jAP3uB$%e[Y1O1k*5.H(-O[o\$`6sTmhFiPCShw=i.jCVoGaM_#Tl(^Y:2qHV6QrreL:uq]v3Z7nT/-%Nj2^K7vE*_`^u6N]=]
  _C[151]=[=[Vn3`o9hgSd?0F8^IE;I[ETb?,mEgurIIr/-q;+kX^;AtuN`;tfO(m8WqpOk`jE4`ZP%G[JJ'r(iL%A$44XVK&JN/fV(M_EK6]=]
  _C[152]=[=[FHc`g1C:750ih&)\7Q2rdeeF,nuF\f9Ro]bfB^3V$iv$rVn6Bk,oe@[-vHVh1^p`lQh-]M?/=/343PbfF2dRev\`P&8t*+Bb]=]
  _C[153]=[=[,Jc'3W?Nik\$g>?iEt[X-&Se$AYPqRVEfNg8EWXq<%;#1%(R9gT3pFW6Z8M$1\o7@<'j(B]jU=%N,>aDq*q^O6XS4(uSSRU.]=]
  _C[154]=[=[*M%3\,P&V9T(YB:'C#G&Q\iwh.e14JCL<q[7RIjh?sdHpbk#^Z/N'qIR)QpmZ0A5h;nlOXkZCXpc8*`[1Q1)lg$h.8097&?e]=]
  _C[155]=[=[Hl1]4E.&P*?\CL8XS/?1tpj[F[fD*am1Zru*`rv[hp)h=^=6Fqg0K1w<*2OI6f9hSq\#?uccQlhS$GD[Rq9O&,4ZC(+Wt*'B]=]
  _C[156]=[=[Wg/arVRTF]XTL[UP\\LF;SH;#>+eDaPE1ZoP$^HIFGX?sI3hDr4LBm-6B;?(X*oLV]pVU(0_mK>61U8R`\pogFcrV6#9P9$C]=]
  _C[157]=[=[t$*jiU+ATSlbMtd(kBAE0`lK1R4Z=^Cft/[ZeSgn'iq_t'dpwd0#Iwm#:M/AJ7%O^.?T=W,V_RbNg\F9cvf,q%&\M1U\\_ss]=]
  _C[158]=[=[EXs'rCV+UfDkF491TLo#@Z%EQQ>*hd1(5aC*5;%)bfA,-Ug`pLK_uQc[\'i-oNCGYH0sMF)j5=$A]agdj+a^0>cO[8$qClZ8]=]
  _C[159]=[=[u@/f$mTYEX-LXN`lcbmsr>`1aJS?oXEskPdFiNZq^\+aWX>W>b/b'ppkZ=N;?:d<ZBBTnhief8k]&*q$fY`NKOko9iA/;R2#]=]
  _C[160]=[=[OHn3X^h7>ZO;`65hJKL]X'XR:t2_l(@I..pEWg@ID*j;R952;6@YvpH[qLm'EGGij/1H\<?5[3D(C9q.7?+dr:3Q\KhRAF$k]=]
  _C[161]=[=[7w-*gQmmnO&+dSG&F6nCWqS588,11EFS&p#pt$f>.JXnHQ-T5r+M2]V*LDsqq*H=g.jXg?PP9KgY&_(<%=ar*9bMdl\(]UKN]=]
  _C[162]=[=[8HYr<wI\+t_cD&%.ir7%)/1e,;?RrGG4iRspVw(G?[m&keCoL@9Qt8bX?T[V8sO5)1OJ&+F0_NA9E?8O('=jb,?p0'jDY:`/]=]
  _C[163]=[=[9=B(1`:VdA#t9=G+7>Z?3)6bOSgq'G]8w2tgAC#lAA1scJMhN8Lg/Jr^N[LrZbn^/]O/Yo`QkY$83mbIV.VX_0p:`nd3oM+u]=]
  _C[164]=[=[#OWH1CUPvJ-VH;3fm[$wwA-qGe([h#tqH(ipJ?kBF,(AZ4G5SMp6YL23Jtvo=.e),*0gB$_@.-NA]m]#&a>8Rme6B5$Olvn=]=]
  _C[165]=[=[u8=eE9_ab.3^[-^VCCp6Ut^9.V&Zngt6a8tW<FUv<]n]w#%8vl_MRe&-lgr+.VH=cI2TA9JaFa^r;jtB@H^h.X>h9E[.er#T]=]
  _C[166]=[=[-7'*>#nMCp[Wu#%Q<KMgCe.*s3m3,$.k]u_>iucionKVl>n&5gaD%G%qH%(G`-etrrImuZqI:A4oSC$,>s^3U.4Aa`&Ds-iO]=]
  _C[167]=[=[s0-[KB\%BJ0P[c?Uh\fUkR4SD'fjcqmBS3CkCZOW[k\f'53Y@gp5lkNpL3H]6^k.5AS*ElnAL_.-Oh<d[lBFT@GYCr1m#DS6]=]
  _C[168]=[=[IZlRuYW1luBfeG44_RoKH)[t05LWJdZT4D@GvC#iItR]Fw*Y0&La/#L37K\#l'dcDapv`r]a,WBD[Es@e:Y=[%VKq#Z-KmUQ]=]
  _C[169]=[=[7Te%Z;OTqCM)<B.gQkZMqT=h+iv*`4ogTm+XH:[q`WaH,HnWu*sXojBF015g\bJoYMVa@D4'+BhM'4Qc>'IckeUqf9a=\$3:]=]
  _C[170]=[=[0jDUXaIa#hBF$IdZJRnvP:[,AuYc8e&SC,MwgYamP/u(=&q230ZT:I'.+L7bVf7M6j,T_p3lgRY)oP(,+.h47(n%OBH%kh`i]=]
  _C[171]=[=[\XH`J77P$ajUh8bBPkAik24B6f]VUULJKQV:9MdrHs0G1JC(PEW<NV[H^-nl$I_c:J*b0jATvUb.9dgZ0\4]b]SFfnJ_;W5M]=]
  _C[172]=char(44,69,48,64,111,110,116,91,38,71,100,57,104,93,61,58,109,95,83,85,87,65,73,86,86,35,73,70,68,74,116,106,105,117,63,91,85,68,52,90,84,37,51,117,45,48,41,37,44,71,96,101,89,43,36,112,82,70,62,44,48,36,65,89,98,93,40,80,42,101,103,64,76,57,102,85,92,69,79,41,51,84,111,64,78,100,66,50,106,112,46,67,108,101,99,46)
  _C[173]=[=[p97L5ln=FU&\89g`1=L3Z^b(,NFN@SBO669T#P,Hc@Ae(B&i5S%7NXul<nHOvB&N=L<0&gd^22D^KrLrG8>ALO/s:SSLQRUD]=]
  _C[174]=[=[D#Nk#^$MFTS.*A*d/$m?J@.]o21nV9&m1BJfw[=0P-r9O%TUo#`Gr>'au=;Fl]M+>OhUifAt*`%vu[eNkO.YUp&eE>jSsha>]=]
  _C[175]=[=[B].MD;NJ-X0aA_kk?J%E\s6JQEUD:@67_`iIT<itq0b&H-Ko-K$;8]gCpp5fr5ZKD'&%siHa.jeErM`U7%@\+N9ntcsEotdZ]=]
  _C[176]=[=[WuukP*nSGC4IbDiCrraw[AU1+?;$4?T3.97Tn'kK'4/F#>Z38)QuW'Q^,V[V>G+1d%J%PKKFNG5K0\^Qmuavn1a&+t+/e'2P]=]
  _C[177]=[=[l$(+]$Skj\Bu5rp?_ZIE0MVj;oD<Te&c_[dEj*7.4vjG(VPh'?tBkVMH3<6FXGPl7eMj06%-MRBJVPqRFvL+E5.S4b9RYSGB]=]
  _C[178]=[=[:_654fXsB361QE3)bnn>.Q&^ViH]@M0-Q#;#98@E[sJ`aB(Bd?5fl]>G>n2RS/gj7iAp/AgHc:4dEnfkkI53<Bb&EUZ*+6:g]=]
  _C[179]=[=[\w#[k$\al'm4hHjb%i:^kUH?<]mH@=s2ZHh]]-P+;SBWigqZs6ta2ducG-[)s[TvkvGZN9l**_C%(S,6w<b4cuan$dsi'&$v]=]
  _C[180]=[=[U:H,ktg6>B$+-(*Q?[BdCr[k#O?As5In;SP,lKUtK9,B$Rf=(t(&q$(Ph)UM$8'4*w96f&L6:Q0+%^vU>:[@@#\VgaQe8lp1]=]
  _C[181]=[=[%5EJPPmbas]UB-d]K`q1^3Q+wGQa?TIGD0CDbFW_if>.S5.M@?'cukX`j9+jHWhT)5:7HoQ\:1Z5$@\ad9W)OhU-+,m`q2D&]=]
  _C[182]=[=[DJdkHIXEo=$3ioGwQ:ut(D%HH:v$>3F`:TQE>+`-CY59U%)X]-F*q:Y;7$V1bZYunpE%lm0:Mg+>wg?iw<vbR6rFQ=e3%Q1.]=]
  _C[183]=[=[FW%p<2dTaG9s$5C,dlCO9hYSmBSrN[5F1-A0Y`*?kYfUYwO$Lh&n#mRs/&24QfHn[1IicMF3`kqsg=0mGua6/p<UWjOQ,Yop]=]
  _C[184]=[=[@$BQO<+Lu1rw8Adp;LH4\\:q%>Bo8-Qu)Hu/?/^L):N5-4SG7k:<Uu5f8X1pf=rw&=ai0iRG`^IIa$%s=>$JASULM.gLV#(o]=]
  _C[185]=[=[(bRGGj)eP`m[G?e,39[pMDbqSv_GFOK#oC<Gu.Oe)8'=(KDO<lt20g+*Z-;CI2YHfsJC9CmhSSGr$wG'h=jXT9(#[&F4PE\?]=]
  _C[186]=[=[%kk5TCU7Bhj8>g6]?%ir\i)iW6oK(D]s[FHJ>*6BJIi.uLDfWVir#,;$oUq4*co@V1(Vb<\`)e]LbPD,/]Ev^T);t#R`(..K]=]
  _C[187]=[=[l'iw+N);VB`jX:m#?>rBeXSLWT+22n8I00HE;wSLHatIEnvnCT+CcgCi<b:ai?\INsH5q(,XZ^TuGGl>l+28q9m^[3%6qO>s]=]
  _C[188]=[=[K$3mEB&IZpg\?_&MQBhOU$9-GcHe[`KE@J^1ohW`8_E0Mi=$1sv+bW23_Caw2EDN)7BWDCeTEHNb.HBMp3dQ1w__ANd*+n:(]=]
  _C[189]=[=[#o%.q9G.+]MORkjDX[P;:&&qMm_9_3bM+7`,(#D@V'8qdcUOodNBOFldT@j9XfnMKmP-<Si%]BWRZq]OOI]FEbk@C.llg?SR]=]
  _C[190]=[=[dCE#6jt=8MO?,o+2i8_795Vb;DrS=<Nq_J:&2FwwPC.INZO.=h<#8A1ULU0*f`sPCRJ?tD7$0EJC3wo>P4lG_Np>OdaP?u?c]=]
  _C[191]=[=[+\wn#(p)Vi':k/L8ce+UPXe/O2w7l;,X/cf@`jY).;@08P/AH$<AAURW-g5q73l-e@_UjQ>T&*,K0j.\G#.J?mWtQ)dV#\_o]=]
  _C[192]=[=[M]b;]'&^h59C15j^_ARh('G>3QLXMQY3fo8S,I*F8X%a^j>U-/-q?sEg#*M7KZgV#)wl#;D&WYf9?R.g0a8QJ?>SB]'1r_Sm]=]
  _C[193]=[=[).j%9HCEh:1ViWF'CFQH*&o4bU29+6Du$U(0p>@6v0KEM5FpD7IoE?jq3&U]qu[91h0>XE9ALc9uuD73$>-@_CnF3LeP;r8<]=]
  _C[194]=[=[UYSf*EJBnS6v1,*:Mo<eOYB7CUiPH:`T;#J*E]&L&[9+MgOR%96(](MTdeq[+<_3o9SWeYwq-Xec9RD3I%Nmsw':bq)?]B_F]=]
  _C[195]=[=[4pk<:#`aFZWm?E6;+g78pLe;:igE1Eqm>8Xm5Ow$r/v=/Y&ktd2m>I[i91Wi:3VGH#NuPtkj;WSSHH$8LYqf56VkW75/+$B>]=]
  _C[196]=[=[HM@.OYhh;CDqen0ls#AC9S6m%VsJD5gM56%[hDOh#\qni;*GGjn#,O3p.eT32YAsBU5WQ:qVB4K*g9G^nda7m4pY`#8.)WXT]=]
  _C[197]=[=[=0ARjGI/FYX.SMcNT-[#ZSLA>;[vUa*,:n4n=USgw:5F%f5CsP6gGl,g+ea77%lXSvsr.?Y;l4*nHttZ>T(s5K;^Qs3p2AaV]=]
  _C[198]=[=[5.qfA0<`W?\V7,P?9(u3gLEDmW5)f/Jw^f0\/8Qa;+2]4\X/?cR-?9&lcp'>,1=p@)Rg>iY,,8=>%^aJg6`c]d`AUAn4F8%V]=]
  _C[199]=[=[Dm^T#)J4mw%48)sGagQd?Q%?9WmV]@gV(TZ<t\wd^?bk=.AEbV6l;F0`o#3D:TK)UJTQ1/TMQf>s-i>/;n(p40`6bV^gdS=C]=]
  _C[200]=[=[d1p`E@nO`@%'4uPG#D$0FMor-8j>su.2E%DmKI\@4kk4^o3O6RmG8JQM*?-BMl8<qm#]3OG7KqJO)O'sanC5,)<<q(9]'>7m]=]
  _C[201]=[=[%=$hEhtP]o)W3MbQ]_EjB#dbN%3j@I^H2s3[NV*u5anJU7rUp6>o#Cfn`3njqMtJ8^llpd9kj&olsuvY?CHd^^'<0#(jDYfa]=]
  _C[202]=[=[=D)Y@XdRd\4oEVA>\F@]lK\8tO*^=]XVjRigse^FdvTY-]l-7-S$K]HsAQQU-1]Mt`At%U`00TX&*q:)=CF7I(mi=t=87.DN]=]
  _C[203]=[=[6Ti2U`c&a74'8e$W(ljBtP-=N*`fp?DNVV97`1];HtWjBsk/6?wc^XG/9.60v=>?[7%`b<ast#PRaBSGj+8(1=m2=2<B+Gnt]=]
  _C[204]=[=[oc9hhS'J4k*-dZV#eSP`)ND:pfm4(MR\A_U?/0XLeKHXM=[Le/9.kSUU%?2sH.^&n`3NS<]Z@5JJoVIsJV\lSu8]:.A6J#gG]=]
  _C[205]=[=[/cSUb6*CP7*Zne*E((:jhY/I:/M&OBFq(4;<1o/t%g/6-bkV;EC2A`,0E<&*hJg2q)c`p(T'IPF>=uJN<,PVKZAlE8>#3YTb]=]
  _C[206]=[=[-ZEq/p7&N9P'VP88>^LE#Ql=[;3_B<1FTOkik'eX\;;52%SdeSh1[Q;%uHi[\He673&-CD/.FD^W+J=EA-ti4s%QOTd`h.w:]=]
  _C[207]=[=[#b(2SwpNmkpdddfW(%'E)ALU;u4m3`SH_GZBTiK[eQ7V:/pY5$lJ1V3s`iZ)rhSm3B$u9_ubH^d;6bKSn?ZQZjiCFu6o=T:,]=]
  _C[208]=[=[uUIo,0dR4u`V*1@5):?/s01L_470sru&uHR%)VjPZuNl7I*TtfIW`74*c%I[9T=Zc<_q^sg-99Y$J(*@oct6)iUfYQ_Hu&SC]=]
  _C[209]=[=[Z^%a=eEb)PM&r7=el+UHRM0)WfCsIWJ;pr7_:Y:?Iq7*o1iL00e]Z]^OpnPj9#/+ONW/\wl7QA-T%$DQEkF^i.eG`1U$sCC,]=]
  _C[210]=char(77,39,85,84,103,41,90,49,65,38,116,49,37,94,45,88,102,62,76,87,64,103,49,65,90,119,61,100,61,40,119,102,50,116,117,92,85,70,44,76,78,72,99,44,102,93,102,85,71,109,65,94,41,100,116,38,111,92,100,91,91,65,38,41,98,49,115,112,117,93,48,104,95,44,55,68,64,40,109,111,50,86,108,94,63,89,65,38,59,70,68,87,100,87,61,55)
  _C[211]=[=[4S3RQ%aSNaj-=PTi7pB\i$vA5sQ/g(Ii5k[RF@Qt:R=5?u#0+PIl@u-'cqcneaN0<kKD<LRZKe6fgnikT;hYs]V2XSeJvsB[]=]
  _C[212]=[=[mC(bGpY*GfGAXdp6=,X*.+w0>j9VG,phg/:vsq.2XKdu`gJg+J<TI?ia^f\H=b$CpDIG*r=7N,L83v-QjW30Y5c.N&<a'qQk]=]
  _C[213]=[=[bt+V42OZLiI_l?7\V_GuU=ncEukQaAeLDdBV,mP;wZ&WWWIH',6d[PZ4\2lw`<45):A:^/=#Itd><Kt>D;:\,f+aG2[oYSl.]=]
  _C[214]=[=[//+doc[bZ9cFowTv_$<kHaCJ^$\MWXW\Njq3(F^koPpf:e:rkkw`j.Y,4/Iammm7sL%WfgrKe?Zl@_=M;-nOk.ee/=)hFuXZ]=]
  _C[215]=[=[U7JogUW`Cp`7uUmO;2(f>AVQY=`/moKtaDC$c'Sp>UhC\eS*[Y2W7o$dXlg`@XQ62C:FeZf+RYSj]Km&B-qX)5<bELZC5M6a]=]
  _C[216]=[=[4-B6C,)#9ri`B<D3:'d6cip[Q&8VD.H$v=_8V6)Cn@l[rMilu%d.K\6:KasIt6NlTL14tdkSBE5I=O@ggPt9H?UwB`VjOn5j]=]
  _C[217]=[=[ZdJV8&TKGWZu3OCbmWO^qEFTcS<0?%^gBjreQD6+`9sS&8hKi:/&ga1SA]#26k=*_BwE9q&r9h3w%?aQwp^B[YCM>)-Y(&qP]=]
  _C[218]=[=[.]CrijP=)p2>Wj\P`15'LH:9vHGd\%j(nXaO^11@Ck,C/=W+XlNb#]Dc%(4d%mc+Cw`QbOde^KV.>E\h9&T6i]*g)iha/L99]=]
  _C[219]=[=[S;,FEpt@v>QoTUJL5So-kWNE\0*sGuJclFAU?t`(._%pAPL5V^@iOnsSqYvg_-\Hi'3kA^0<nRSv:IU985a\vNM_U0CeF=;P]=]
  _C[220]=[=[cdi'@lh4DJKT6<^;sAW.H)&di,I6=>U%w^Jr*H5kwk=/:^2P]A`bi,L'9OHhOi1?rX-J6KZu-YuYk9[r&(@*881t(-oS@\vW]=]
  _C[221]=[=[o0L`gKM1Dcq,t+;^*5ZBI0snTY-?<D\>KMw$'4t4Sl*?*`##ep,lA0A[0U_Ya46.H4-M%[dEM'NaY[`@j8J,vIhW:()<@',;]=]
  _C[222]=[=[5ZY0okP`W$j.58YaS/[+sL),0@fQEO&:l81Z`Kh.v,n0kFB4b)K1E?8bdGC8=$lRBCIS/NN6HIJt3M%_P/`E'((:5Mv+cQ#N]=]
  _C[223]=[=[qj?F9la..T@P>7$5a0$u6L=&%_Xp]#C6[8'kr:M,J(-pW/wRSE#P^3ml[us00Ak\'0Wr];B:)]BGR0J7r(a;$K[Z])6KLHp]]=]
  _C[224]=[=[%Y:X@,fM*ka.ao8:*8LJ2R:'=#\9JZ+m^_XG[/QR]4F?(/j+@t';rAZRUY^q[9tEQZXg8gTc7>&jWrI9)NMIRa+:2ONOrjYa]=]
  _C[225]=[=[a*2nROHiao@##pXEG].\fQ@eE/^^[Q1bH(@a2lI'O71HuV7Clk\kGT*V4ctL/S^1\bRZ#2@0WZ+fC.Nqoc(j%^ZKJ,aL(4_C]=]
  _C[226]=[=[W]EIS/0]%2GE8<4%Cf<?99>&v^;*C>+ldX.682O8W?k,rr.YX?.7aTnNM'$;A<Y#DF]g&*1?-ErFivIfjfU2ZsP/5h6Q%G@A]=]
  _C[227]=[=[E&KJ^0PKh,8fhdWD?VW0sYeE\q?SfOkXtRAtn6e^/ArBJFCSV*5mHD4j;v5Ka+k@8.X4e>wvK*Sf=B`ITtQ1Gm]bm88q43)=]=]
  _C[228]=[=[dNqZrd3'7rBGa3r3sKrIDf%)$3-7`.r+p-EwlC29(Y2P@^`hHj`TY\[n.sG>SVY[@'/$;^4;)lc*SX@/+w1klFvRZWLa71VX]=]
  _C[229]=[=[nPgvG'\_%'E2n9l1L8E%,p#/)ieo&hfnaXL^eoKnEp*]cLpjfb@KfQtpUZ6B4R3g?'NUEei(Z%Wqql=.N8--8+$R^W+8:/@)]=]
  _C[230]=[=[*B1;>8Bv&;^i1U5CCajEN^a=s`'MXFf*nD#^*uUGO_7R-&dS1v/eg,k((rJf1'Vc<u,JqPkO[ukPova/'NuUNT\%pS':,9hQ]=]
  _C[231]=[=[jL,iIMr$a\OR-_?^p-))Cp_;K9wXp*h3OZ)p5$T\5n.EX/=w^#.j(:Wf_pI82ND@kp4dTSP,^L7N#uQcnU/qLeb<mP,1kvRQ]=]
  _C[232]=[=[wa80;?`ZeTLB%#dj'8kJ4L3l])\Ib[l+g`>;](T&,5L,L6;d*X0Gq3;*.ES?=te+NQeeM++Ew<XOP,v^B<T3d;*mmWAk#7c&]=]
  _C[233]=[=[U-T[gZv8r(d%sBtl`jMC+9rf`pT;UO>1tENc<]CjS1RU5K1a==X(o?8u+nM`/o[JIZ\@Ct+BM5<7:'3rWYEM+i$44WF-?KR_]=]
  _C[234]=[=[vr:i1+\?#dZHS3[S,spfDUMcp>/7(G-dQIQY3^RAJlt)Hf/<cLm2]#Ap4bndr1BVJ30;S@%=dir]T5mCsoTQhGg[IQ9JOZr<]=]
  _C[235]=[=[;Eg\B8.w.Ks=:T^-V:1w3b/5fScps]?[dK#O8.oBcd=7>-f9N:Xihk^A;m;Q5Y7j(;@71qbaMJTFeZG7*ee^G7r$LkLKUWYu]=]
  _C[236]=[=[g4RFLrjgOI(PBn.B=Lk+kk>m:qW9VGLm$#^F:J6p;bsK`83kMEfZ)n[sXggLRqDt_]b39Sg-)M$?cMU28c0t%&H.U.+*\.NE]=]
  _C[237]=[=[UHc3=aE=hd>;O\V@818/YDHp*wB4ubBnUUB+pGqb$jZ=X1SMYoujLdf?E-'=%UtGb*N*C9Q1=_AL`t^]m2eEA792jB_::;@w]=]
  _C[238]=[=[C7Fiowbh%\@'79%AP(Z2iLE<wvJr1w;VgkYE2]GXtjeO$wu8p00o/t=bH$&*@+DB`Vitp=-j:ov@d@#+\Yp=F0FNfO/cJS1v]=]
  _C[239]=[=[SP'fSFJ4E><B%Er\';1L1O*[-5hLwU1mu5ThWm2)$QPh)s0P8.l5U7sCpb,UuE)K&>U6jW:?+#_g;&vADqA&Mg<m2H>t$1J>]=]
  _C[240]=[=[1d9hC>blB,A>nDr&?;=X]X;LRh$Rt;Mq0e)u?XVdGNq6^WrnmM'89O`R8p<bVF.u(HIPBl+&3oBZM:U&SEv[9Tg;tBr/Ylqn]=]
  _C[241]=[=[EWND$&>Lr66tvw@S044QPYW@&DXlIu4iU\D8=o@(o*FfPoRwgv>K,FH<^KV0#tgwInl-Q]@cHOV)9S7crf',P1`G*n`-t.E/]=]
  _C[242]=[=[%B0&MtKtEPN([n3u(?q<8uEPXug#E6+mwE%pu%r^95Y+sh71,%fV`0>9ieuc2rg'$B'o;Alh9D>vb`1>?G,n>tOfURfTmq%+]=]
  _C[243]=[=[R)OJGKsv%h>vO3cwTeqpo#sn/sR]Z>)acSYQKt(__bPbSoB<N#Ib32u\G.LY&g`Vwmk]JVXes8VlW9H0i,G9prWoG[Bt_ZAV]=]
  _C[244]=[=[c)WFO2U$(@Mf<(jDY(ob.rGs#g(YovU2,^n.v.N-MN(2]D'UH?djCj<n)B<rBLreB\^F^1E7qU2JLSG$P('+:rt`5s0uqX4q]=]
  _C[245]=[=[,1;1s@W=_^Sg?2o,BZS+:@@U]9K__<^MDU^S+)\e,::i;9]gIO+9I'f?+R%.VD]PQ'ke>D[b5%/6#n\.Z(%ji\.Mwc(gkr:G]=]
  _C[246]=[=[VdeOf3<+_FTCpk\dX,BTf:_=[?.Nnc`:W&4'4ugSe#.`7H#m<<A-B/p.$]kXK8N`h91n>tV/lohS%cM2,5EQmSj/^eIo=c..]=]
  _C[247]=[=[r+Rv*1@*cL-5SSGR-7oaf1oLdBkl5pFW4:;S<ioT:ji_s]+>_p&3J>hXO-SSO1rhKD>H6L0]+w#s)gcq#JLf=\1;S@=Qfwl1]=]
  _C[248]=[=[UlGLm[YHfw1ks+D\EcD`D7&GX=TZH.[ha])@>^Yge=o[F=+C3:_X*A%5ME%0Cv[/5Q39_cC0%SAsUOnp83E.oe<6FW7<?_/V]=]
  _C[249]=[=[Ynbw4ViX;en0*G8wl+jHouPk/6gGktE\7Bkb%&4D]R0UqhN[I9*widN:n0U-`gK3Yn%B3utWj@A+:$)bBAHOuKVNT\%RCJ;T]=]
  _C[250]=[=[Cj>mp$aWVV?1NUXta.Sg+JIRF))wg&7Zv'=*mI(DqW=2%^23=meqs03spK5N4[?+A9(la3rFs4rH2lwVKCEmi0T(l6'EZuMG]=]
  _C[251]=[=[0'iYpl7`-6h%R,(N7ShieB'`%`:$2Udb&oI%uLiQ4'3qo6oe(r8_rD;fpZ7nUvF7r(&jU27no_f,]wW5&,(u5<AEW(tMIjC&]=]
  _C[252]=[=[u*GE)P74><CYH2-OKl^-VBk:=L@f?bq\C'L1R;QrD..K>>$MMJvD^Ts?5UicL=8H2hjcl83Ug^9TqiLda_9][WbS1@M.%9JT]=]
  _C[253]=[=[SY`l*T)'RIoeE2o#5@he@^*NHs56R(^Tb?6r=0^a[F<`LN`2c1+,$BX*PI83*$?%P`sd:k5:K[=PqU8;Ob[(058HacIP$m'.]=]
  _C[254]=[=[X@r@ZuwTlt5j'5nYu-l?_[PJS$#A0fc*WfH#Op$G+?#.jtugokn%FaV,=`.:L0qCUsNJ[XFitrg=n)_]dcqM'4k>j]sm8b<f]=]
  _C[255]=[=[AXIO-H_8.3hC%QW36<6bKC>R[O*Ba]*odsnP]9$f%L=t.-$#;lS')/6ql=D^*IIfp;]^Mm3qZ[n/$QcDZ=kHh@gemm9p9c:I]=]
  _C[256]=[=[6+2=(:I%:QGo[Y$(`Qgw.u^>*R(87Mom&)V#q#aB?(Q59dn\OirLg2t'(D3Z3VpQlW:^t4*YVFNasC*]CTECY7_(:jcFA4c,]=]
  _C[257]=[=[a7b_[<6;N7Ub[#L'arvc%6nLitfFaD@Yp)ja`\(PN=s(h/;>5ka1<YKs=[<m=]8KeTu]S^fiCHRpN&i=qr/b'mE*\M4kIkC,]=]
  _C[258]=[=[<3q9&S.tL>=Y;WBA)M`_Kn5ABMUl2XDA<F`#+n)2a8)?I2S)@VYPg'(2<`$tAU,XIwCJXwp/.Efrq&KZYB?MIJTrIAk9\Rj<]=]
  _C[259]=[=[0M0rU<<PXV)R54:t9$^A;/_oQ@r69pm6#Gt3ZqCu0Ec9^>YndGU4CG2^k)T]KGjv^FHoO'TCIi;CO]cYd?<D:V*0vuecoHHo]=]
  _C[260]=[=[RVHOwD*;ecoCgbBj;o04fNN+fM;Go`Sp?g^+)7$to%N$'f_*&5Q4-DCiAvtLiEmhgUY%^ATet$N0L7h%<4L7]X%1t'@2]-A>]=]
  _C[261]=[=[5O*fO\1^^aO'kpe<Ark:P)0opYb6(sh4nh@Dh$7ec1v5.qE@`se^6Vk?)Gb1ca-pFXZoGrXCFiv]U5g1G)GnaUXa38_bebVA]=]
  _C[262]=[=[i2f\e7?*,+ot/P>r^:Vs_w)99g/93D/U1iAAkCQn`/P<fR7e78Q:2F&jmdwG?vqJprmA#;*T703upFJko&2X7REu].Fq`#Hu]=]
  _C[263]=[=[69c)ZudF&8cnX=:A>KU>-Vt<3=*8fEXWdt]Yh1^-0dt)Y*R`QB^HV+lY3\&AEB<JwtY(^WeND@K4q;A^0Cc;9=9d-R2#[1S0]=]
  _C[264]=[=[\F>SVZ]pIm+'^l#S9gX'X\=oEH36kQO1&=s483&)G>^n<N_6#1>`J$][PT>#6DD];.Na[b*L5d:'JrEnWwfekW#KTgn9+O\w]=]
  _C[265]=[=[qcrLb\leJbiO^4-wCsP[Y$'aBc76.>Jj@j6EXl@a&O,93?lAB`Sd#,MF(K2M;sfieP[nXovf)<Ak_amF;8Q(X(51YC3h<>[w]=]
  _C[266]=[=[7J39Z]T8ZdE9NAM`kb$3-snJh+?)`.DEZb[d6ErfJp>&8i]F>.5G>v9V:#'5+;6`Rf8\Gh9`sG##WnkU@gms$&aDMee[2^Tn]=]
  _C[267]=[=[ekv?^VNNEq4wntD=m>);32c7<9oG`4#*7a;EEmpFYfjrkH@U`+a9^uNrpN2pnZKN'bSSP?9*5j9CMY<4NbMD:TM?q7R$6PkH]=]
  _C[268]=[=[l.%)JMIBNjdfE`GIw.hD<-g*nj$?V]U30I(Dn'C/OSomZW%_e$TuBq3H)t#n$YA)dsj:kSHF.*R%.>p*n6Q7wt<)]^<3vp@)]=]
  _C[269]=char(59,78,66,80,80,102,67,49,45,85,56,73,87,68,46,45,76,94,43,72,100,94,95,103,79,102,93,65,73,96,82,115,110,103,119,88,36,93,61,89,60,105,65,88,45,63,103,64,98,108,77,44,103,48,106,115,102,63,39,36,63,46,69,38,92,102,38,54,100,114,38,89,55,114,70,116,107,39,98,62,119,69,35,64,76,88,43,68,94,84,114,97,67,112,42,50)
  _C[270]=[=[SS%qv7[fCC7H/&)<.<Bl]@SOVt_EsR)nOm6IC1Z%Y^d&])c`vVI94UO-5*i>'GH^qXPII@JZH>OGBScwUR<L_\f'Q8WJ3dpI]=]
  _C[271]=[=[fnVJo=tBb*&/Zr[S+f-HMwf:fR<OL&K)9)Z7?_wBZNw`sC@m(o'(AH+puP3pKg)qSnM2GGoi?6^9R#&B8J0,V)=ZwOXhli7R]=]
  _C[272]=[=[gIGs56SFBkZXk9.2E)(_^Ik>'HkpUi%N@9X6oTIQ.T6CR`raukXit.(>:7EJ,vD/'S?sQq=j/(U7#L-pt`QW>2qQSH;pD44P]=]
  _C[273]=[=[Y[G=cvqv%8Bk2AqSuS4hca7Ki+#*5@Q(?3EQ'Z)>FH*btnJb8E&Adr6*LV0;=F+G2+W_@_2@9H+Xq/'-%h,ZmNsf%D#bQa(R]=]
  _C[274]=[=[e[^^TFcL829i9S==g5W?=/@_QVGP?YhQ.3eW?#u85EPK4rv=;%vNoD,SZib6'-f2ccu0HQ-Soql>\Qs5[2-]]G6JVt-p,*dM]=]
  _C[275]=[=[;&pb24*U/%[07(cNYNl3P'S;8la$9WuY1-w_%DTF6g]c>[l.S*a&BG$5ZB2^'J'%T+nv:TYmBhoIj5,(dd0#GTFn\N3T'qJU]=]
  _C[276]=[=[NRT&ReO<dc22QQ2d?(jL@GgVL0'@S?@#a@el\s/cE9ZLTkea#/Panc+tvv\=pAL?QVd;`F7B2jEZi0*p*ek/GY4q'%PXD9.>]=]
  _C[277]=[=[[DgKo3\>/6ejYU`b8]rigacmhNL*i9lNfbi(vV#NEC9M#QQibOpPCML<h0RXE)JT(\?I'8SF?AUPK-00dE0Ad,6Hm=*4Sl\']=]
  _C[278]=[=[?]HqP1/9&A>wMRPOHMXH(CtX8jhF2YWah(N5uG(8f;Xc^K^Hf[qd]I#\\m]>l9*[f+w5pI=^$?th[>%q&Y=@df:)R-4AbeQ4]=]
  _C[279]=[=[_O?3w/1C4L(oS/O6IW.=41VLlLY>cYPrkL`DFYv2hcf7EbIT7[uep&,&I;b]T@h8-Vp9ulccFGkw[JrX\9o=1P?)RS7VVvKv]=]
  _C[280]=[=[w`60rq8oFhDH&7AX_8=D\?<Y/h\]HRW5Sn,Ubj971:AKT?937tw)ommRSrMt)$YClL1?>OoWsJ7(FI:PUCOg87(Dk_;php,I]=]
  _C[281]=[=[k-,NX7T]oq0]hnEU&62/%%J?@]toFj]l*86k;>kZ=2O:`)JmHvWiO+CiXOet=;+0qB3[Mg0?$T*VQ:>RfC;TF86rUVaj9`Q#]=]
  _C[282]=[=[q_s?$S%jTR[_JDH+T'OVc]<^I4(fH'N.<\.MGZbG%mC':[4&tY0q0NAn%J$7:'nJk\4gA6WFv,[$u6odND>rb$g(4[54jT?O]=]
  _C[283]=[=[5lTNuLTHOA3$-CO<tuJH)D1p#%KS$32PKDsdjJAsv8;%wwmO,14)X&AOtJ'msXj.cM3oTm4DW3OZrMsCMk\t&Mgk_HZ'J_#M]=]
  _C[284]=[=[qqZq)1?4M3Sp[wBWk6RAw-fQNiqZr9^*:iJv]`MCe1OiwkSCV)gHca/68\BV08`hrk\V>2b(/K]\OKpV,*4QVIJ`v?VFN[MS]=]
  _C[285]=[=[SECTL10qFU7MC5RK0\Vbc\]aC6D-wA=aqIDnPVv;mokwM0lIHCJ?kVl59sn$;%8Q=C-f`7'N6kulro=W&`6PEmmsi:A?SVh8]=]
  _C[286]=[=[sBE=lCW^Gdj-F>S;wD'(7s;rHbC3$q0Yrl'ddld]WE]wDSP$26\%gi)hdv-3:i/.*MG0G8k=MP2d$9FYbRp,X9,<(=8d^TtG]=]
  _C[287]=[=[^E$5.Np2e.>F>FtQ$e^L(VcDl,uF16)Osu-wYeN4D-cDOGn:qC44k,^Z3@V&QrgI\(8Uj?0m,P3`oo:G?aHqM)kC[&LGG$`$]=]
  _C[288]=[=[7LZ6`m4+q?w`RDZUsU'pwGv@g#>fs?R'N#03e=Le+BH]K*0^Umb/4Y=+oV3l?>]S1[VE?8>dM.[(d8ZEkA5.=',G2P8+Mt<B]=]
  _C[289]=[=[%rN]b(EW84*%W:#Mkg/oa,@La70>:c5B%b%#6g6?DJcD*?$A-tB96JuAp$PRHi=RI4k6jA,RB3,4H]a/Y(_lRLB.oX'[kH/Z]=]
  _C[290]=[=[G@'_M*htZ`:7[4ePfBqA4UKM1AT/T6MGKb6ihEn+U>HMi06F=8a'F@%'^jV.f),XYIgd$'5MJ9P+1@9fQQ6m-%[L9$=7E*$4]=]
  _C[291]=[=[Rb'HW,t8Ft6(B.7?NXOU2O/`.Pok'dOJ7hV7kBJ&WpE/^J*sO2J?=Cik@Udr=OBU`iDtQ+H)L*:@wr[k\N0Pbc%'pn9>(9\d]=]
  _C[292]=[=[_gU[R0du0O3,);g?;+j(wrF3#v#ZL(<=qROvU\>M.^U']Bpw[,m*`e3c^<]'v@Q3O.$6]2\LM22)5<S[+Z5^Z6^Ybp?mE;h?]=]
  _C[293]=[=[1:Bo[^XiJ#k?[g:f2ce>f0,5_p\h>\t19E;[fMAiP5I#FTY3_K)_Ddq*\LOU&n<H]uI,&R4a-C;'w<EFEXho,ZPU6?1?iVa=]=]
  _C[294]=[=[piLtr>O']1d@f`7;-W*dOeq9Y8;n1[bP=@f&\a7+%@64&4G\ldp$S-[kI%.GgX8NIL$GYiIH_XR(=WocD,KW;N(8Is5h,V9S]=]
  _C[295]=[=[5)8^`fd>-D#+IF'SMv/*`0UnRgjU=s_<--;*NnWmk3?b/YMg-loVTMKP6=EFn>v[H%M//$\dL&oo:^M>-nP5`a\aW8u9m=[O]=]
  _C[296]=[=[G6S%I%[f#OZ[;L]Xg+SKT,^2iLA2Gjs4rB=$\(-FB@10AMF\Gi<[?Ne-8/#gWD/'DpL*`<IZOV%f)3-1;\53i-)B`v&'w`hZ]=]
  _C[297]=[=[&`o7E5h8:F5V5ShX;4,C[f4q/vK.a&I#pRlYBu;ac6Wu1dlDW+6OjkHp8Z_Sc?5b>Q`rB=rA+lK)ikfX#\rLqsl?W*cZoD&U]=]
  _C[298]=[=[o;D\K0QwY2d2Uo@ADk<hNkN@p4lt**r<c0CCFU8_*^I>s\XR?\d;j\S=;9<VZ,'.t#1`ZOS]/Ja/bhEqR<n5f(w38`iX:P,X]=]
  _C[299]=[=[ekK)qZcRtFviUacH^Am0,SdIC7H7nXc#iUhBb-m-?<Ptw14EA<*XRcXF6hii'3NTooN+Yq?s:6p%vdCURY)1:ri:9\@p]i>\]=]
  _C[300]=[=[.SN6Q2M*2.:pv-p7Ks>ulWv=.^SP_TWS6(>5[@a4v42VT^kTsj8JicbunChu-^BT9G<6&wBBJ4siO1N2p>GY1mjE6J$XM9([]=]
  _C[301]=[=[(**m(8OAeI1q6cQYI<j-]gFw&cNX=dG-q*e#bMF*<tlB.j([/C&a5hA=J.6TpZY:Fr39TJfZsp'pZ[7h,#P0PURj9Snhr4I=]=]
  _C[302]=[=[.6T$TjjN6H?&>i6)D@&qun'jY5Bfg:Y5tokqfGnLFc8abToANjw$7RhY-?_[2H-%@Fi#6FKkLfb\SJma:NA#Ya60H[tRPJFk]=]
  _C[303]=[=[TD#<tEa=/)\S%h)5r@$F5#%<^PH/HQYf].eV\o:q<[HE'[(g#qMNrUVA+KcTle(?@$0w_kBk;0k-Zu(G)fdHZ%X<$4-ML&cI]=]
  _C[304]=[=[kk2[TE,7B/PE^%`S8_?U/0cOU5[MEnw5:P<t'3Zwq7ADL-Yg[b,b=3gghb14^J9[%j.@)F])&lqd0OK[KRtaUE5P1/&_,#>?]=]
  _C[305]=[=[S+mw#v=*n1.g)2<C_5cWAfuCUvZiK,6`jfV+n&dmO*-_s:1l&=P^2;8+[o-,s/)v.[Mg`a'0KuBL:sP&C?RRUB6ZM5*PE86W]=]
  _C[306]=[=[UdAJb-lCp_mDKs:tF6_dB5Fn:+*9,X)nlD:7V80@OmksQt(Qv3\putI/D6mgBAjG-HA'Ba&fhn(>-$iJ=X)/afv`Ov46O^7W]=]
  _C[307]=[=[uN\v5(w7H7=SKNtZ&$fs1w9cVTO;j9UJgJZk+mPt#d-V8^]Dq;\YrpB_q(vUe%JLBnmGtJUs)2`0Y^Jc--LcDB#DPJiN'vpc]=]
  _C[308]=[=[pbHt(R48hSi#cZjSv'Y]EPcS5#Z^8&%M'7qbowEbir,Aid6SNK<16ajgLG;gUD&X+GW'h[BSCdj3(UMoTWH:7R3s-j&W>t^<]=]
  _C[309]=[=[vu1%B31?h.GQQM4NgmN1c;5tA+ZB?LM9/:Ma;*-bD3gZEheEw/Bt=@1A\puWsH:-;w-)<oq=saTv]jhe32c<Hg^L:8@v)%j>]=]
  _C[310]=[=[E7'MK_8VAC46fF.Wl=^V$03T79\hw9(i32/O7?S<P-q6Cn\Sk\Cn>JE_Vlp3mE4:YsNwl2NGJ$OQ7%wX:N4:d)Gm5bWR_GFe]=]
  _C[311]=[=[FX;m9I%lK-gjSJ1G>tQmbmeJ^GL`0dML>uv(cKT(od$)9$+HC&eS\h$Ts5jVe=T2Ir*FCvm`-^wfI9uZpKBLRksUo_'Njdw;]=]
  _C[312]=[=[2k-9MSbl/6+mR-fKwq>a0C=:?D.IG[Fd83@%&L/Y]R\8e6b:N%Z;3LeSbB_b$e*U.i2]IA`2X,.a(Z_bA`:(k<IqMt@wAfJ@]=]
  _C[313]=[=[-:.$<EoV2r^O[/wwK3IV?@&D_d1$::c.=\mSji$Vg')ZV1Z2_@$XI&9KPA<Le>1nKEBbcK(57sZYvB^_g[1mjaO6<'JSa<MB]=]
  _C[314]=[=[Jen\q,F;T.t^d$Y-__`sI[Nd#ib3h/cUL`Ml2IvBWFOfIk\,wp^%h=p4-tVN@fQQG71dVY/oHfH$]sPPiiJbK6B$UeDsdLKi]=]
  _C[315]=[=[?&ma:sP=^gv8F*UR\-cObOIhQnV;-L+EL4w/nFD,HWCiUdQf`;?lsMtHT]:T8V`Qp=mJ/o-a?asWqCVkQpAOVj4e#60fTqJ7]=]
  _C[316]=[=[`%-/ZUq1d\G\=_-.CUTt00[6H69]OE$[uA-9@QE4^_N3fbX)gHc%on*smuX4N)J66LgQu#_$$v#RkC)krHR@V%E+n^nt_%O9]=]
  _C[317]=[=[(l/uE.B<RblI$,5_g5+=]08DPfU>D[iQ=bI$VO%1NYvlK3LK%JI5J(b,&94,ZMv]t<KGUJ>Vf>#iw,XL&'eVGp@_B0eFH_-`]=]
  _C[318]=[=[WTw@UUAMGm;PfXpH,qa)N+Q?Ki3#H:TllNF5Zd,iL$aN0Dgf:0ITjtdAmp\m?-p0`l$SibitiT4^t\Qpp@cWPYE87$0=fIOn]=]
  _C[319]=[=[mTOr`'7*8(tqp[C?+TaP2NU%&cmNQ\\g[?YRkqZMf%>CN9$3c`^e&j1GS=m;=@6kEsvSM/'U@L%gT@?^[Bh0Dam&gN$NI$e7]=]
  _C[320]=[=[KBXoQ3(b'cMP@Di\L$f$Lco.1tli1:)#TP(@oZXKC?tk[S^COoYp_E=tZ,Q_&%DR0N0f\QZ$HM]q^Oc3Y%;W,e61`H%ge$]<]=]
  _C[321]=[=[[`tOwI:;+FnN?2SfQ$YMs]_wY+(]<*0dan]QW/C.2ig]w2$]1[-I6f9;HL1:%rE&t_N(DqSo4pqe6/Pmo+HD3W;6rXqk=V73]=]
  _C[322]=[=[AfVg(TkVmBoOikNUpYO<veB;o#=LEh6_ae(L*sD]:Wd48BOCf>N8LoE8$)nh@DK2M=KnSii?9s'm14HaI9f_f)cJO,t]&-D4]=]
  _C[323]=[=[+j6dbh5Nfd+Hw[oUIi54tQT1X?:3-ud@nJk%JDe4k.<YGP(a`qs+T:Q9n/e&X:9/i;&vhv@]nCEN`+F5f8J[sk_B3&eVRB:a]=]
  _C[324]=[=[.9bw&O@Waq.59Yrcw%VN`F8f:J`(eMp5K$t^,7Q,b0;jF4_k^kaUqR/'rNi`;0#oM:1:Vij,OWY6IhaWS0$.p*I^fI-e[63K]=]
  _C[325]=[=[WbTA4iVX$w&k)-]pR^t1J`LfCa`vl@rFHtF#T7t6S<:/8qi`]leCZ<bijU]%p)5OV7=9gA=$4L649mM6)nZ-@c&&-B%iWKqG]=]
  _C[326]=[=[('pT?*pT;PW&>o2eKDXZLB+FD5vgr[=;$=1a;not(n=<'82afc^RJQhN901wfATK<t0#ap6Baq9jWDPeq=3W$kjO2[r`u>>']=]
  _C[327]=[=[(I1?M.SN-sZkKLCPmRm`Y_Mge*hO,@5R<Wtp6'='TbNZen8;2,sruZfeFJcQoWNo6,X%<QJfM&1<'X&10842P7G>23e0oW3g]=]
  _C[328]=[=[MTl%b,.)4cQK952F*6]'NuBd'PN<^Qi&3Mo@%pb($NaET,hKnY)ZH-[7Iw?SHf_j`\V:7q2%ji^s]&8pCl3:5Pcq;)Mb<@]R]=]
  _C[329]=[=[/lCP$_.I4IJW=M,gD(>'mwKH5nV/qP2jG80$w$]6qc+,;_\;9YSX(6T/X8EBe*Eim6TP2UbU>vvBaBT<B8/eDT$_kl4*[%1E]=]
  _C[330]=[=[K)*l%W+,r>>[^*81kj1TPKu[]9mlF0@GSJ>iQMD2$8:`l/Xf39570IVFrMQj'.Np.4&1=[`-eKJOqV(0:)8]J$WA3M>GeagN]=]
  _C[331]=[=[_D^oX4k0Z9MO?voCe&B=s,DTmmiRchASA*d<.r:jm,6vq,?CuS>D$ODV$3d]ofEb4(1's5,;cukDH#[wrN&M12&UQQrV55>S]=]
  _C[332]=[=[7u]oNXR)a,g=ZUd1(/`ll'-tlHpX<RV5XK*m7./D7tUSb+-+@G;s4Q%<qjVp7^lc`0Ubq32ck,R`B?49j<^#T[AEw99@JG_F]=]
  _C[333]=[=[#R5N\^BQGH/Q7CB-%LFG;@$i8&YQP362Y3[blb(`8:L=bnDuF.b$6Ce#rZlhLsoD<ub]s3=K#Kc0A[#+F=i\dCLf]CEv,I^q]=]
  _C[334]=[=[:ATN762PfqYBaZOPe/(&P'>F*t.Qc7LO<9?8K&Vm3]P++g0Z,HB7tLh-GnbD9-:i`7ZU]&KDek4/uaTrq;DtuUfC7.VhT[XF]=]
  _C[335]=[=[lmo3?DslpK4`kX=jgWs#UOOM0=f]f=;'v$LD\Ar<gOegC=(qIa>-v:UZA:W`ZS@ZkAh)[mjaf0hL*$+]Cm'uTNm'sbAbnUIk]=]
  _C[336]=[=['S49v^k<BKYpwC$.JW@@''tQrVp;.QZ7VJ/kpwfS<Y^\bpaq`WaU`;`BdFT[ekvb7WE,k=3qssnAjRk%j:B+f^\>;IWQ:4Jb]=]
  _C[337]=char(54,76,44,76,60,99,66,106,50,60,36,53,61,53,111,108,59,115,74,55,97,89,54,76,76,84,89,60,74,38,46,118,104,59,54,119,65,43,47,36,112,73,108,52,106,88,92,47,89,43,72,93,70,54,74,75,95,58,118,60,45,116,87,42,71,67,111,73,116,69,54,80,41,68,50,37,43,91,91,55,87,72,117,109,80,94,72,114,79,101,95,52,50,53,61,36)
  _C[338]=char(109,68,86,40,50,96,63,65,109,104,93,65,97,57,37,117,67,106,109,101,59,95,49,97,115,57,61,83,62,94,89,77,57,48,75,83,52,86,74,94,91,90,104,47,67,69,93,81,70,100,55,72,39,81,70,56,101,67,40,119,115,86,64,92,69,57,70,87,110,104,71,91,91,68,67,47,50,56,81,106,105,58,72,42,47,84,71,96,37,110,109,63,114,91,94,38)
  _C[339]=[=[fggFE]&KF*=&;BPfT$4_88_XY-[:LI;A#ua'nN>eT1j%pTP'3_'=E)^.MQJc#scJMqc.#5M&1t57k3:T'o%`sj7M2GpIrd:p]=]
  _C[340]=char(72,46,47,49,110,65,35,100,65,43,73,63,118,71,81,49,107,35,95,50,67,46,80,51,90,38,74,45,56,69,75,43,119,41,36,96,116,87,97,115,38,44,64,82,117,52,44,55,49,59,104,78,59,107,55,108,104,51,107,80,75,109,102,82,55,114,44,94,83,51,106,42,80,38,41,116,44,41,91,91,109,79,108,44,110,68,49,105,98,119,84,74,41,79,105,43)
  _C[341]=[=[YHID,_u9Ks<cuE,JFpGY474^ok`aBk9RZoOB=LGbUk_vMj-02G%aXW1cmjv1]cmZ#aXhNR=%(Wk9kr7aXtaG*<4\QJ$]b8b@]=]
  _C[342]=[=[7\j1PQd#%YoD^qT=aC#?aB8I?39h<BQhoYeK#v^g3rsbYE1)OtLA=Bs2KZh]JW#`?)]Kh)[71TSKGjr?3SW]&u#co_o\^s:>]=]
  _C[343]=[=[eKGrWFd*-JAco;kvv;6Z\7KR:M4BeOUE$5Io#cM:vglC:nn3H9\:oB+fJ5D.c'].6og&<V1XP@3kvvV+GPpkF51VGb@uLqjk]=]
  _C[344]=[=[Yq4aU]`@9TEWjc2GJH/(08JhKPvQ0dU1o-opIFvl<tZljoPOQ9P1NK6StQ][l-iIUP*E-a$SGJUURj2D3^@';Mje7wYmZ_I.]=]
  _C[345]=[=[:C>KUvmgaUr6Y/>oZ2\FOmTn:)D4.k9'jNKZHa@.^6E_hvq31Yl*R.LTk\\VP+S:]AistrqTrCYoe[jD)#9])ao4Z_^>hVh*]=]
  _C[346]=[=[Xth-nGv]s=NTo^U+W`io_nGd^0R<1E8r_fN8[BP<KSV=7L=/nem.)vBYJUi7Q<t$\qB('nR,F;4,`I>4RqEJ13+u_>/jfPc4]=]
  _C[347]=[=[P&)kINbb1oJKAh[`vCBgDf-6&T$CFnj1os2fuh0jF8WZo@FfP_??IsIkJ<NC4;5ZD1OtBUp=N%94guw6M)v=>p;d(/0[4j'G]=]
  _C[348]=[=[jFpR^\\)d5<]#L-&1QoDRl:,&D.=kkKfv6bgk47FET,QM[;(1`EYU/uPfjO_^,T&fmTw_3`sEl$hq&1ca-EFhX$-hpcR']Zm]=]
  _C[349]=[=[Hg<2r8DJbl`Nk$R3K_5Bh1,rc@Y<7]\gkG&)T#tJUH^Wb(Kf*84JJd+5$Aw8_0=bTb6WjEiM#FV%<2[L>u6u@67)ik1X0rS#]=]
  _C[350]=[=[GT%=-'>Ejsh3aOS=Jw*pf2ApQsG>g]j9K_FNop9jlP&'*%LHhkPZo>hqC9;CwAFnlqL&EQ?eQ<Si,JvfIYW9A=V0p.YI>KrL]=]
  _C[351]=[=[<rTbAqs&uG*&BRw@Ra4e/8]%P/589BDOPm>J8CrwJ^KG[o^v7<nI=oq0//TmegTMr#v*SG6XQg$:j>u&k,O;Zql51ZBK6r](]=]
  _C[352]=[=[TuN-m)Rg%^OO:5AiIHh+ZW3'RA926Xk`3iH.#I$A*&-$0geB87#@B2n,HTY]dr>$sXNDnWBlog7M#r(P0eSb+jJr\$+;7kt+]=]
  _C[353]=[=[Flop+?jhG=>fXDbo-tNVu_,D`.JKj1d:FmCodOnff90oP+1KcCOos39uB>-ejv0J_vQu=`BXTE;m.IGR&dCVMf.&hQlEJ]5B]=]
  _C[354]=[=[f#ej:Lk8(MrK7]i4AQ9>>>;&*wthh\8II6g)+o,KS/#qmAN@,4VF]DA)1>qrpHAqQkJCs^%_+QZ`?q*T-J.'^s6@F1mrp8DU]=]
  _C[355]=[=['<dEgVDP2;%\9sOj9f.K3]m[`/3^uf#Yo3EG%Mto0>_9PJYT^#PRYDbwt_Kf?I0aMV*<fpB?vtSC<Z=5gh8^Ul4b-#&2E5qP]=]
  _C[356]=char(108,56,45,53,115,92,83,91,91,72,61,99,57,104,83,73,96,65,98,56,56,61,65,72,41,96,68,91,86,37,110,118,41,85,65,45,80,92,57,84,69,117,41,64,35,40,52,66,38,99,71,64,65,81,67,103,55,73,116,90,82,64,90,47,35,102,35,108,53,68,36,65,75,47,60,97,51,71,107,68,59,109,65,49,92,113,104,116,73,64,99,118,95,109,83,62)
  _C[357]=[=[h'pI+I$DS_V]M6Iwf8WBeiBmUI;vRCB$?#0^M9Wg?MPEA)7MO+'1tH_#EN*DBM2g;(o:CcVV#YhVv,L`1R3>6;+tG@pRE^sn]=]
  _C[358]=[=[mU8UqimV^^,Rfr<(jE+u-8ADK>(/fI_M@Dnk5Odwml:3v:$JB@a1bR8-Q;p73\$Wc@g*0vB$^e0TeB:IPf.Q&c@>'3oMKdTJ]=]
  _C[359]=[=[PkW/W9[]ukAk7P)*?+h^Ku'X?[G[YEFM7l;'pge>'^_2^5?]vC*#&%MLgXWsC9Yn9/ubY+r_BKmZ#o:HEtQ%gp<0rVHb/6wS]=]
  _C[360]=[=[)*jk0+67b\MDlP2#qaME<hH+UlV(BiGcnFT,k)`SXl:22QgPBKToCdmYZl3iCn]@^^tkjS:jFSsJ>G[&fr_L*Lt$V?iBs0Z4]=]
  _C[361]=[=[l(S;X[arCi>HM$pP>7,OV#SsE01nbW'.Y<1#jM[CTDgkB/d*8784a:`LF47s>vcXkgDuVe\&tu)m+mqg8*_C;k9J;ZrO;)W%]=]
  _C[362]=[=[t7g34/I(upM8^.%\(VEdN>+<t1M)6ScofD?j0^)g#:\>-O+:)?1cj9pLhWT-;Eg_*+^9#H*2'TrE[.^'/4X/bDuoEQF;E0nR]=]
  _C[363]=[=[AfbP9OHZI$UXe-'j$TOGMmwcTmo&gFs?EB(r[n$j%`<iae7-9j&lv66m'fUlk(K;L$nk:A;v:i]ItFO#5u7Oqg^UQ(W>+b:C]=]
  _C[364]=[=[.a2DRmV530LSYUOdRllMkW@laa'2Fs5t).`QrBO7q#3Rhf%0DbaR[<vHB6KYpHgrX`,7bmu<sTP[s%N-ua-[#S1WWT\Xn+sp]=]
  _C[365]=[=[^nikJiBfo]K-0:I6$dp3_+?Lp?cq1r)[/8mQGtDEoDifv&5-CHmUN($RA:hwc^g=Om`ju%X9kobESM:'cgWQ+7-K_d*.HQE-]=]
  _C[366]=[=[g)\%>)U[*j)W*+6A0&qO@JS5>YK2`h*TQ+m^vuC]o&A2OO4Ikf<'_CWb7rUF+DYV-hbEQIJoO[CX97RT595rrITStaNGS6)J]=]
  _C[367]=[=[\9wU4L6A2eciTeq1dgFY>?0)[D3.7=4,]s\\7mFmHd=JXuLQ_PSgKh>JS3Mssc$G6RgDA5.$<@hYsPp91eJAPZK(m94>Tc\1]=]
  _C[368]=[=[eAQL3g]*kW4AQ(KcZ5Gce9uX)+CIGmhD`33NH-V>cEPasvj0m5FqX`ObPdnp&.GHUUhV/hoE$]O&6D6ewJ*:f%4W;+':0RLA]=]
  _C[369]=[=[Tb2uZb0tKkJ&U#B,%dfd<h^piP$V_JCXFm.#gZ*qjf[i#E31D*d)p[ZUXdq+&5iv2RD8`n]K87D-XDph,d.IcUBWHNTL]7AV]=]
  _C[370]=[=[ppH:ok.m<r'sE=efa49YD1\'a\DXFf?b*GJ0oA;PMA9NAh^]]oJsVtIp>Tp\:I3^gp)K%o`>59a\aOC+gaV9r$\K'tvf=FwH]=]
  _C[371]=[=[u1.Jbtw5^-^tJw7h+g?CdMu)&fPn_L[CaO7b0QJYLOP*iLdF502)T1=g4HV[N>EuArEsjOpiq$hX_)ck9Uqhdg=g?_fO$g0]]=]
  _C[372]=char(67,106,99,51,88,97,74,115,43,62,119,63,114,98,92,48,61,102,96,92,95,53,106,65,116,89,97,71,43,79,47,63,108,37,100,112,66,117,112,97,87,88,87,117,36,49,87,115,60,95,92,117,57,52,91,91,90,105,100,50,63,39,94,35,37,38,75,40,74,60,112,88,36,36,111,58,50,66,66,72,43,66,63,69,61,115,92,75,117,51,100,115,55,50,36,97)
  _C[373]=[=[R_+WXN)(1Mqf2KhSM[9[So2^waPG/72t-d9];o-9iltUQTkcbg6i0T?3M1&i&wNA`nW#Be^m%r1.bKhLL'N*TDtt5m%WK3c=]=]
  _C[374]=[=[RKb>9)toqc`gfe]s=HTABvU/hN&k4892?+d,RWKmRqKhkXKg+._3'9g2hLcU/MM0waE/jr%U,eAZ$OP2d`Up,-u:TH]'Y+A/]=]
  _C[375]=[=[jVJpDnt>7WU`8Qn.L^1^mm0`m$bo#<0Qp7Y6+vgd?B?jgQ?sPU7Jq;rdKbV<AM.EQR+ITjF6[N9DrGrXn+-g]m_''L0q5urj]=]
  _C[376]=[=[\^(9)JIQY[EMgI&N7Te0_q'/=g^h51:7T7J/e*$A5a#`soM@%vmQwordY8`;t,(@*WoJw%7uW]CbO1i3IL9c1r^2W/d?V6qa]=]
  _C[377]=char(94,70,115,98,107,42,112,63,116,92,50,104,96,111,59,63,91,48,49,69,44,53,45,51,87,98,107,114,90,104,86,105,94,56,39,38,98,69,98,89,68,73,80,57,94,81,72,114,113,53,80,39,118,85,39,101,74,118,89,80,60,98,58,69,86,110,113,118,53,71,78,52,98,63,58,40,41,92,86,91,91,86,103,97,40,103,116,53,104,66,77,67,93,95,106,55)
  _C[378]=[=[<dU*hwF5nB,*i2LJA$htO.*qP;\Oj6Q6Y+MkwiOqCYdb'5@7'YH/N&pQVG%igoN%,(qY/U\`IsXrf*qTv?:,Ir\5gwwKV)0Q]=]
  _C[379]=[=[s/okv_(ZD39NY@QC8@qn@U2E1r<Mr.3FtK'.\]m/6<TXj<HSe5Pe>O)w5U:h.sFnfG<ODw3KK`U&(/eohAG5moQHt*Plpi*h]=]
  _C[380]=[=[8e;[/&[pA'HWqEnga_@F$t\2wdpV(BEu$k.l3,Ge9Bg).Z8%QRoZB(Sj:WBVmESJ5Z(XT8YI#viFM-A0%9^*PCt$j%YF$p%8]=]
  _C[381]=[=[e65,WUQEr[r@hsa\1pdCiIL$65Ql/Z*JTWt&BbL;%<QChDB(c,NA\B]Z@HM9Nrhc_-1+0rs/_a4A7w(B[X6GZ$b?3SEO5:Ub]=]
  _C[382]=[=[j<EjD*SFdev;q,`g^NVinXn9P2KK$IM@RwD7as4%4,;6e>jR<eJYZnhRAPlA+DYL<1lYm`IRCt_inR?RcKL+?W_j:1*/ueXp]=]
  _C[383]=[=[bhOY;#E42tX`FJh9[,h<jdv;J:T$Q[P:LITm/XXK<ka:Zh.0G]c4UKo7Y7K.\aD4(:iA6@pXqP=/s\g3ppC&+MN\AB%mW+pj]=]
  _C[384]=[=[063Wt6-M_?UvOdfV.nEXEB$V&c[=K>wbJSwB6Nt%ad4Sa`OG#RSfeT<jb5^AQlbDiL3:4T,o/j^ss4`vXMmh-s4FGc3ga8>v]=]
  _C[385]=[=[E'2PZo80\^A6N]Q=bh#W2h6B8FtrNp^2^'e8=Z>CV;h4D[fXb-*7`e8Jb(j/PTE.%?XKIJm^WZ]c@p26bc'B=$m?W(`DCcue]=]
  _C[386]=[=[RVja]4MG3$,+1$.2JBpB1VdoA.I[nPtuI2\ndVmm%'/U619j99J#wws_ue#`Cdhm(tI-:#kI===cMa.#*d,Qns=0qHi`,#at]=]
  _C[387]=[=[U]>j'&m?+O(j1$OV?QQ'2]JdjmN]vDEF$b.g%rs]vV'PRqW1@M8);T[(jA5.1IargCj,*<lK/:+v,lot&G=H1,J=lOt-vg#d]=]
  _C[388]=[=[_v&k;MS(U-c5hTvZkw?gd@deIilf7E0TLLMh&r.d*q&kD0/;i./sURDtkn;gv/F_&CcuhUuO:I8)aV+rDl%\hC>[>L#RjrIT]=]
  _C[389]=[=[<tBP?in7>/9a]h9W#^U%M&E)%)vT>sp<SZ@$6kvvo1tBNc<3MHeKO]-)@,.pYp`\]v;@n+J6\cgrZ6V/M<q]i@3hlV?LFvqs]=]
  _C[390]=[=[8KVYYiJPs.)Cn3Z]d[W<43YYni?,G:lEgndO@5QrJ\Nt;@E,BstB5V%<#=?*,mcDLHD=dL[f$MgTp^9N%@/`;4p>evS0gOa3]=]
  _C[391]=[=[2ei:KRTwCZ/$YtbQ\ekh6([@5Hh@b+(-;b<O&#-.\>]R;ZvkWIohK_u;lX]Dd39,+1w*7f0/5f6slmE(eS%J_0kF7b(@r2GT]=]
  _C[392]=[=[&uTOpn\WYDHbA.oS&_Q+_[01a*<+LO$VbHU1D>YpCn#RN5*`-M]v@1WdorlcrH/.^ODM)IFma5N^c_0Jn0ceO<G>^7J]rPIm]=]
  _C[393]=[=[P[i>PYOmg;]?aT/4KCp`/Wh5t%S9#,n9andH7A79-Cg#(LN8_lJbkHvg#U.LV?GCODYi^M>[p5tmI<t^m87oQ8@jV^LG>>]*]=]
  _C[394]=[=[YVqW[c'tmOZjcOV,Ms&9EhVWYX+d5d'3(4I*4W2gp[N^HcA`:7ti[*PREHD@e3j%&U[,LMc>A]1=5rf'&l@md#KWSS8ONs8p]=]
  _C[395]=[=[/gqJE7P6O$p8sc7V@cEWm):(_MakK^U7V3I4U5CtFG&fPn5vl;$Z/9DHTs,N>N'iL#K\=s$L7^6IE`2P2FBa(v$HSL^EY@4r]=]
  _C[396]=char(88,106,65,73,101,68,53,93,59,74,98,119,93,50,81,96,82,53,114,73,51,80,52,41,96,56,117,42,101,90,99,105,92,87,76,104,103,108,105,58,52,96,89,89,86,70,36,54,92,37,61,44,37,72,96,43,93,65,97,78,58,104,115,82,63,38,75,45,67,112,114,58,85,101,63,56,52,45,43,90,40,47,49,51,60,81,61,109,91,91,56,52,117,53,98,98)
  _C[397]=[=[?i1V\Jv'F;v^'nYiDN,ODThA3a'o'N/n'l8J2(Sd@U&T-eIN)).eIQQ)p,0?7N7^jD'<b`bE*?bP*HLFRMljT,[6]_[a*RUS]=]
  _C[398]=[=[v9o+lJ\o5K.$2S(FHgIn1R?Y<C^wLPYb3b29DqKRJ\TUFf;/6&\S9gV-U>O*mN#frCR%)Q#6Cg.V/Eg%X;W[6Ei<SuZO'*e']=]
  _C[399]=[=[eH?\b[%,.rh4ijB/[lb7qG^YakiQ_L.HREhZvbBg]0t`eGg8<OJjnMPBP-(Ib1>=;)/D4/(ddf<Iqn%-vH'l-wf*U(AUW1Zi]=]
  _C[400]=[=[;RJ7h:M1`/am_Sq+pE5lBO+ChptH2Rsr_t+4m+`O8[(BNP+^,PL/7Iv*3Ob5^'%SdIc4O:/k7me=0FA0w<eND.4/C].h_:VR]=]
  _C[401]=[=[snIXBo[R(lDG=8/JK-l.B*eDac4oQ)'V\bsV+l8LM=om8bWd.<QsP%BdupF5cMV,0aiQ*&(D$LPH*T6PRcG-8%'W77:)$Qen]=]
  _C[402]=[=[)qsZM?^JU.uKp:=F2QX48r/2FZ=`s@??i-rcq2HJAC>./KuIse5ld4MJ,D*]<T<u_fMSh#i/V<^J*)K4E<i+#*2eHG`m00[-]=]
  _C[403]=[=[`Ve%@aMcG\MvDeo<kZ5?1)m)7%;1Qbh0Kt\0fA<6)#Q#DC1l*PRKu:rj@f&Wo;?gj7@<$;c6e\pdaIj?R9<tPA#L(<ZKA>ZZ]=]
  _C[404]=[=[9;?gEGEU7E3/'IvS?7GK3p,#lM1WB=u/;YQ@d=am[',fYY2bW6Mjlv7A?1V?kj%WR8N%^(dLkHDoHi`p0^Y+f__tu1\ukkdt]=]
  _C[405]=[=[mY)k-,BbdJb/[mRMiWfbdCKu)MjJ5PeB*e2`T`@n&O,9Z0h;?Rek<#`O/fZ*K7SXCD&/MLq7J=1a<a)qN`NavF[Ig<Xs'6G2]=]
  _C[406]=[=[hG/UE6_UU?C=fH:Xb,@E:>m.R&#vMq-BnN77jw51\I^Qvf^V]d=6^Bm):FB^)bdAKrc.(u?SdAd]Cp*Cffgg;q@ghL3$Iivn]=]
  _C[407]=[=[RcN7avi#N^Ak+v?5*/bCvrFCIw7;#lT(Da0uu^[ZMF'C$ObT'7tH36SCXN#7@B(>GgO+^m219G[LKH-'hg4L6O$`f#sfpbQN]=]
  _C[408]=[=[dG#Fpi@kmBEkKH^+90+GW#2h1-fL[ak%_`H@O&kS>1/Kloi)'rv4BZ=.U-[A*'cMsC7/V&fH=%e0HsS.G-8b^$#UD&FS.3Gd]=]
  _C[409]=[=[qXL&.k980l[>]Rf8qGbs*@`_nQwPBZ$HST`OM):Jv$^$dO`:qN;I;Q-'`?PZSG:/B8Ut'b_2I'nss2:5HhF>-t;(Ttu'&G;H]=]
  _C[410]=[=[)RcG61C8P$Z?::>QJOK1M4$#ul1<jNT_`XBpg%GMPl`Rw3&/bOa/ojQD0@fC0IG7T(a&l.X<r[S&PFQf?ZMZ+.l:4')O>qrc]=]
  _C[411]=[=[Rl3$Q&qQnp5ep/Q_$f0./]_tZ_UPdU('@(.C]P:eefHM44uO#$^ia'Y&([VuqE-F9RIR)O+Ta5HRO.tP1S*i`cPnq&_%IPCK]=]
  _C[412]=[=[/FD`0/n&Gct(mgilwpuO5WW^?:*cD`DZ%PtAorfqCV9weiaqQg@]uX:PaaLrP/;Peo[`B=T*6D1vde\VAl1@Q:p]cWH'BXar]=]
  _C[413]=[=[DEj6'S4<51L'MRo^Nq;-3CE&p^o3-X?C1@WNf[\]OkwN-F#Geotlng\gwtt;o0CU]'[a+eM;RRh=Z])*_O@c$BV%&^&T-Ol#]=]
  _C[414]=[=[e)it<]Y4jU^TijZ\u8nU9K>`<jQ8jm)cI51fHZotn5'Yrwb3(w_Wtfn2VFrJ+;;AQwfWfAp&>[QB*42*V$`)]F8$Djwu'b/b]=]
  _C[415]=[=[NL6AC>>7l'/ZCA4&RB9Y4\Ot`B59'qeeC]A*bX-u2OShVUGdGfWj`>`a(HV_AQYb/id[4n`+<YprmM61OXpAB2V3K#^K8/qW]=]
  _C[416]=[=[U1X\HWg+It3)?Fs4CAmobA:4Qc%#KWdP],4l<t1V2nWm8(>fu./YA^Z>$).KM?HhV_(]6AS.r2)N\0Z?6cAtEJ(O:qr%s?_o]=]
  _C[417]=[=[J(2%3RA<BBMw&r.X-o?C1M984JrD<u#@dRb07&v-X[O;t.BQGjiOZjks(J6(9Q/FP;E8L'Vc`J?.:uQ+V[k9fMDI?_?Am2j_]=]
  _C[418]=[=[5Y1JEm`u]dS=F25%wS1.<A@792='_Ok(c&#w(7We&BWjQUUOTnZ>RoXchhe=PpH2:)_gYrE[v$Ere`Ge-VQQSH8rEMD)RV%;]=]
  _C[419]=[=[U@frP#9V<X=jnZaVU'67*DVL-o5:YYve,Y3QeF[K\uWf-_s#lI=S)vU0tVNV8a11IZ@fDK\pWU#S&^\7O%3`3\D[a525Kr*e]=]
  _C[420]=[=[rS\H*L:6,jqa1e?;QZN)em+p*f_#G*D0.38A4DBtJ#S*f=+awo\%:\r&mc6@;k8M12'epnG[eJEGg`X+*@s[lD5pp+']d/XG]=]
  _C[421]=[=[AdYmY9[.g3ZQX9<+2M-7dBbKNRuI9wiDl?fpP_*=XL0Ol+$9T%(s[f&1=g#00brg\=KItSt1f:v8Ii(Gkj'W/leEaSH%.1I&]=]
  _C[422]=char(96,98,57,55,82,51,45,74,86,90,85,59,48,60,67,71,102,95,116,86,110,115,90,84,73,69,58,99,85,62,89,35,59,52,42,45,109,94,78,106,77,61,111,72,90,35,38,51,64,44,71,106,74,90,83,79,49,89,80,74,80,70,41,56,93,78,71,67,113,48,93,61,111,45,80,85,106,91,75,77,74,59,81,40,76,94,64,40,109,55,98,63,37,53,100,41)
  _C[423]=[=[=EJLB)h<I/iJ)dhI8K&RY*U3^'U3oUaeMXeU@b#q>/b(G)W2AL9h%/<*7>WKns*Y9N52o340Er5bj4%Kc=H+^YvCg/IMi21o]=]
  _C[424]=[=[H/$hh$0`Ye@BOU+CbqLd+$ee=8Sm\s'@;H]7@@D:6Cfo^M9NIlQLWX$w`\f)c-T*[c7fn5`(1Q8(1UNE&3P*SfqAGKa_6DPM]=]
  _C[425]=[=[Y(i\%G+=`ad$'2hapdB>eBZQ(ueit35lJa(/%mP(Y&v/*'.LnfIe-hwFD:NOJ6Ij@#1B@`[7OC_'t3v6$W:=(NTrFVTg1gch]=]
  _C[426]=[=[h_%61m^#F7%tZP@`U*K'LNm\@m2#u+rE>^PfHs:i.(ha7G:\>HCSYkR.o/w[QcU3wfe:M3T`8I_OBvos&=v3_G&7O*Z\q'H=]=]
  _C[427]=[=[N2`K0&-3+4^qYPro?3vlMt-c3`l2Pr1Wo,BoNPtrv&7`taORAUf]WZ%N?*@$umh=;P*'Lk\f1Ck#fTbm:7hArgPYX$JVlF)2]=]
  _C[428]=[=[4#>br69X6jl[lclfvboJ]b3=9[b8MF4m8K#kJ^'9uR9a<IJXq'i%]/F^T9g4XkWom%iA8fu`Pt9uF0,WC+5`4s,046XNWtAf]=]
  _C[429]=[=[tT-H'cI(J`^KC;%u/ks(mcjH(6wc'l_8(5^.XcViH7^ukhVDvC<DOC&:'CS;q`t^N(20ska%K@<Ti<iS;Fl<i08I/h0NS9#?]=]
  _C[430]=[=[/o(Rk45Z/cKb_i;1EwJL`E)Q`^u*BYlQbo\BGib.(Zu^/kMg?>tCW9Aj'uU<o390d.crp4K`K8?c96%j9;ub$LFuu8di*Vi']=]
  _C[431]=[=[Te/F7JmY.FZ2mlFSqp6c+f#`:aA6M:Q165,T:g5L8P(m^eFoAiF$*qW3q0^hZC,or:dU#)Y/`i%WYZEOssS#U#'N2(b87=C0]=]
  _C[432]=[=[<5;>H@:J.BT;f,8=H.fZSlPr.e>Fj\TRl?fINN578E9Pm5ZXmOfChT,V5lFp^A%uU.DmE:hYDZ,d%u+k_Q%o3JJS,3\05Rs`]=]
  _C[433]=[=[,8V,;-uHrU;wq.A_DPt5:T4%:#Lna'qfW>;GU/DSJ1f,8`nd$\UHn3@&T2FS2=<>X#)EN=$rh9#Sg1.K?]Z(Sq<3;oZYm14`]=]
  _C[434]=[=[7+32AjD#([]9+)4$I<V8h,6T<>>)T;uOf<X_$_A@>2g2O4l%[vT1`Y_IkoBeVA9b6ek/jD&2US9B%/7XO+c2ZDIq?7>*1Ca`]=]
  _C[435]=[=[:i[NKP<(HZR@BdTiUH/FYcJU.\3E$rd0FcP]aI:.JcDq1WdGHqhGXcmZ%`F?q.lsTnqZ)1BT^9kk%_ZWK?MHp2rGq_J-'/rQ]=]
  _C[436]=[=[f;udfX<VVS7MXW+7+m;hFOi8YkMinK7.`&]lgTfVI3DO)(IAP,fj9?i%,v1hm]u\CtLe'`Bv=Da/R#J&iN;O=FO-=YBIUuVC]=]
  _C[437]=[=[%ElRRpgOW3.'QXfc73p@DI5Rk%5hvKm<W9^72\(sp&;S(P.(h$_cY?jVuTAt+1fu,/7lSbVZZG?dB2]1s.uT3T(9lsFZfgCP]=]
  _C[438]=[=[5QD$<tml5kkpt5b(YdW-\*R%,=d>hfiuVq-J?#CodD9e(D8Ah7#Gk=:wM(3/C)r>a@#-rwX2OEVDC)B@'\K+fH40#D+eT=iW]=]
  _C[439]=[=[9_mD&GQc-JvGh[:IN\5A1'o@)N`04^'ah=c8;RRqbt71tN-??e(BmGB?n&<UV1_J`t%dFCW&[<K`j^ioXCsYO6M[7aWC*ZTA]=]
  _C[440]=[=[gAr)I?3M_eaN4G%W324Bu)]u-&q?*fg-n#NU@Wq$$NQ\r5c(3E<Qu'p7H*6%sH<\V;@M6wsYD0KI\4ZRv]QS2F@tui0a,Mr^]=]
  _C[441]=[=[oi;AK0Dtd7+81<-;RiYnFXAqP4*/of0Ki'D8)9t('^XR(j?^OS9XcNEfsfM\U\/NTFAkUQP:\d)gb=+R&oUnU&kbsLBjfEU%]=]
  _C[442]=[=[V=;`>@Cv[6-mfOZ5M7)DR80GXdLwh;l?/cQdjr])3XAgU\0Are#qD+.8i#5cRV<O']FL*HItiMo0.*GTI88I73E\68G2:'TV]=]
  _C[443]=[=[ZW]q8WHDgtS?+QmD@mmwua(r<?0estg$\VC(@w@vv,otC<e1H5=6dN+mf-FVwwJ-Cb^Q:wd3MYRW2JOF6oi4i5=X>gGw^%rg]=]
  _C[444]=[=[4.ZLV*SLPq(hJ+JWFq4((OTC*MpNUTG_02&WDHqU@@:t1.iQZ5u[YJGWr7^*@Yt;V%O_a,3/CNeCJB70AO72puNu#QtH1S0M]=]
  _C[445]=[=[ELJv1`O4qCvh('_q_N:'udJ3iO?[3)X0jL6\`6t.#=T?2M&/mRiQ*OV%q2wD.6Fc.3\a;M@&eA4Q[+dg0h&*hAIar0m*6)UE]=]
  _C[446]=[=[rDqna_DgtO^stjZ7b?kMe8FL3E:o;F,$k6eST?wmHFG^0b+21>>D8jV/g@i8[lW7A.Q%\4X#+kcM'p?,$,UvDr&j7#Y#T+#+]=]
  _C[447]=[=[<VT8>WuU4F4JDwA[b8?XgY^8,v9>pR5/=l9IaSVa]>*k)qh5Umi`=O2uG<a[>26Ydlo`Bc2^r@lp0'ddo#\Nr+F3NMw8oTeC]=]
  _C[448]=[=[.wj20E,Q=0@<UsGjeGU71puro9E5-O;g,[a:nShP0t+)_Ls-J*ioL\d5,<c?JKUf/0Lj>:ZI*tQFTT[54EbiB%?;CKL$YaiK]=]
  _C[449]=[=[sXlE?YKG)^/ofO\brLPh7$*?L/5F(Ga\?/]h8;v&P]7man0=9Z9-EIM^;?i<A9:7MJEh3Swj8JXnQc$o?L-@H:9qA@.O'%8m]=]
  _C[450]=[=[_FqoNi.^(sLP*btm:W.QKW(.(e.iXUtO:4UCbU=%&pH*Z*3nj#rZUn\GmuP1*&EMqQ:3sXr/(BmZT(iktNP?Cf[Y7lKVO6=:]=]
  _C[451]=[=[XkivR6Xcr9NF&oP(o/X&EOH=BM./hWMvY#,Let_BF3&XZ^I[aPUwCml@.kcj,+:a?^RR(Ir2k@Gn?tq6P7&pRlq8]Xo>7:wa]=]
  _C[452]=[=[tbpt;H9sIAT97QH;IghVOZBbaE.FqG8^.sj;DDD?+25/8re5kXq,*1c5n<QFH_Bn'O#OjdcXBIKNU=EC$k6mT`*r[)#PRs&o]=]
  _C[453]=[=[w64^SojLWD,SZs_..JQ+II-%jci@/8'<44rU^7b--<9CSjS:AV%*=dMPWt;#3UX:-l:B(k9n6Z0.$o]RjA%Y6J6c*_a;2R_o]=]
  _C[454]=[=[^Bd.kjTbk*LRb.gsWWf<g.E\T]eLsQwAGsqS2_B,hG0W^_.cWqCWu-dkk=REZZC6%@?jHc.m6n9ui?H]JEkPG>MXXl$P>WB)]=]
  _C[455]=[=[kg1Q#;h_\b0jE1O9'L@GcL#NJ.Du\*D/hSJo5+2sAtP\uKKmRjM`fl3aK=Q/V1Bt9F>YQXasML^e7[iBeCNwH]'G?<G.U[qi]=]
  _C[456]=[=[5(rr\R>SE^59I(f-4XfWjLPQ9s+]'wD`^Cq(1(aX5.WWa,=n@1_7qRa%S2C4TS/9@`TrroCmE'h9sk20\J6NuI\&8vDg,\r.]=]
  _C[457]=[=[e^3od5OFTf\)4tihS`lpA^-8lfkh]Lk4ADRMpH5FP@$N%u*>,'#i%DIZfeOMfpZ/KbhZbA$+d6RJYB^/eT'$A\IIRp'MLSU2]=]
  _C[458]=[=[3f/G-$%4WT[bVR49bVD(HB2UUg/7;j62fV@fqdt1^+*'/#wC`W+uJ'4&G+.C/OgY/8VF(GrcY5w+FFNR].$7g7;1-i1_&KsV]=]
  _C[459]=[=['LCd0B`iuiM<Xu;qT/8fUqWEg1_`?qYu.=CW2qVM-h,n5)j?8s\kSeIG;%nA[/oh;*YEW[';G3VbdspMr\7'7Di-el^?X.P-]=]
  _C[460]=[=[*Qi#gRak\-3S[6_7+aUnlL?O\s#AdpbIV%b6=5l&]XQInD*K5O>@MaAw]d-D$+qU<N7pDP&L:,8+ZTX7W=keZ'27,8q(L6>u]=]
  _C[461]=[=[<'KZiJ[MTs0L,QRR:?hCg*Nkk`o2hV@V1V;`<FAV'dfa>Z=jDdK0C1/Vm'lnW=\e,F=Z0Q].Q._gVpArEZ0;$TmnZ7<3m_4#]=]
  _C[462]=[=[5NOUB@+PSXlsfQ8Y=E`+dj/CUP&Bwopl,w<u1KucF2?nlJg9(0$`p[-.j65Psnlor4PISJ_bd$$0]??[V%R-SaH=<%)Qg?[V]=]
  _C[463]=[=[3#PqMY4F-_V0HghnU+c%AsQfcfNj4?2ntMm^&QX>7Qnt((ZNI5VXcRf.2E`sr6lfGL]MPh>'Q8jBn^Akm9YVo9;Z<6&cY<K-]=]
  _C[464]=[=[>\sHLhq2*G:?Z96utK5l^Et`u=mMJsqXTj&[?jd6Vf53`#6rKIJ2]%AK>^JrXdt3bj$Uu5[ut0\:C8e-<%diC'og#a$i?f=^]=]
  _C[465]=[=[Q&u7?+8giO@7U@L-0aIt*<#niTn'.6Ig5?]X[FqntgN`:f2gvpZWWCv;h*$&D=(hwoN'l5Oq+<5e.tRUBdYLw#9@N5J:nWeO]=]
  _C[466]=[=[[Zw]a/-Y5)[)7IX[/:QONsNJ0GM>(Za@])B$>c8&R&<i(+D<PhZ5YB\K5VaIelp2Q50:neW?cInXL.8I^ndvX/r$_Sm]Xq09]=]
  _C[467]=[=[[VLO*wvX)e^QVkbS;?^#kVscNnT=7=M^6/pX[nN\D6k,,raVv(*DBm^uCn#JB7+35(5.mSlTDa.oL8GFNr'@b@L'4^6+Rr#<]=]
  _C[468]=[=[RLIbj`rTQ8]:Bs=M.%(a6EeV.bBO8=w%^k:m-gIk[aP[kV*?@q$2#^]T<O'-,:5A$G??Ic6f`Ww?[-m0BS\cS<w7Q51b\q-?]=]
  _C[469]=[=[n2J%@>hYAvuMc,lV)%nV_A<#]QrgoXjF-T_KPQkcvLG'A*R&k/jZIl(7J*HUQ#cXH59S75=CaWPX%DtQJK0\.L)3?5UY/TUa]=]
  _C[470]=[=[B)tn=:^R1Diq]J*<I-Q>S$*G.KK?u7Tfnw@8PFO\aA=F`$`1XT<-4P52#U)EKD21'fg3WE*^heu2J^F0S>/;sh.&adOhs8Or]=]
  _C[471]=[=[/\P:YJJ/qBe'1_g$64)`jY9KE#5s-v&Cf.*NQ?cKAD3:Pg/QCd/Q8^?=-^%crs,rS5,=07n[N#iNib>h-Mu$+$&vXR=wYoh-]=]
  _C[472]=[=[;HBGNXHV]Z+YA/KH4bR`AhemsH'tNR[T+QdSXYX($IPnAYM+CT3V3\LM^Ik\I&S3>d*I54RHW:$Mt?1#@)<7aq:Z)GA/aFj:]=]
  _C[473]=[=[W+R2\ipM9+DD)1?ePs3+.Q#nvL3ghq6(QqnYMb:wQ<n1E-7c5E_W?3`oUI<wM:YH0=kVg*/Ov3EPPdEPd<#128Daq*Qwk>LV]=]
  _C[474]=[=[8C<QUqnP,m.;\kqEHl4bsvY)jd5YCMY-@/kKORB2<Rc>-&P)M^0v3a,grpA$J.&E']N?YGDL;IRB%VLk4sj$,9kg0E?g/X)@]=]
  _C[475]=[=[R0Tm+V^`*pZ(K.o6[*j1^BI=Vsld]6HZ;5t6&<O:WRJfbaa8N];&##)r*O%JjMw4<7@+sse-VQT.K?'?AnCH9SWm=)8o.4gc]=]
  _C[476]=[=[<r)\\<Q0>0fP5rDXA@Fe?DG=irV(deL\t<1,ago$IV-)I9I3uGC`'@L5a+hHB``3Fnfj-q*,#3e*`_cuc%e2>DB_42g-fk9W]=]
  _C[477]=[=[sgSVR;gYHI2e/u6-Te++<Y4ohqPWUl+0U*HglM*t-?Lv0PM_N;SG]gStH*81m[(L);9$brsiHs8FXCC)_EW`G7d&_3nJcdbf]=]
  _C[478]=[=[FS*4D`A1jwkGfJFqqC0lWHRQJDb44]vg5LElsc\h(IWWC%[aR3Qg2,Ua>t8MeXCRi6/i'+m<j=ojF2FPVVLY?X*eP5Yo'&\l]=]
  _C[479]=[=[=*bi@E[U#o0_>oHhV;=Gq%2OO@QDU=<+c.0<7&0-&m2hbRt%mJtvSHO:'L1+dn$E5Z6hv#5P7]&^l#YTL#q=5Z#]CSnCiwv]]=]
  _C[480]=[=[Tk0^*&Y$jL4P.&7(#-kR`+`5j*b'?='Ec)#p<FH08^V`Iid<bc?k_mS__fj/oQatDq$A>\n2,q$IBj`_c&@O(@Tjj8]04iOa]=]
  _C[481]=[=[(wtbD>[2tJ\.udDRm+o?N]Xrm_,hU&#krFO0r.UT&NL*9^'j`._RwE-(4MWXmO*])Lhi'%Jr)BI2Yq`7F5`_aLbuG3B;g&E`]=]
  _C[482]=[=[C7t)IKsg7WprJP\>ct>pU]$H`1)C[nT$d(ZTG9LP+1$WN&pP-u7o3M32Mt7MEU(X=%NX-,e^h;QvRmHLO8RP1OCANhYU*Gc/]=]
  _C[483]=[=[9d4ko7Sndl&0bWZuq,*PSj3_U#0o'>e:v)k^/o2;Qw&3D5m=B<r+*e&B%&t]D>,0?Y^Wtm1BeaFB%,Q:=E.gVG@dAAwK;_eo]=]
  _C[484]=[=[hh`\Ahg>OUvnq;H=GHmF=:Z^Qh?^sUK(H^X)+&>*=P^<23jBsuVHU$'25u8pls[EB;g4`c7(]v\ep_Db28Z/Ir2^>t:gMv&2]=]
  _C[485]=[=[Omnlt,lc<@FjMNcrYWnFskF.Zg73j<NdrGFi`[*#PCnXo-T.kUX0/B<B+8-X03pT=6gA9/[4o]+GeB[Ds'^`bq_)ZgK8'?nF]=]
  _C[486]=[=[(FBm6VcGD%_b??sQHb'.h;g8or[,pM:]h_LhD7TwUiahp$`jU5b%G^BO;0LhY@b3,](24u\?m1j=2No_&(T?nnq6Te#@1h(4]=]
  _C[487]=[=[=<oD4\be82S)<07f[:%^I.Cv:r>9Rs&vQq;HT8sX$(pv%uig<)iSd-&-Ru#^/T$%?q=fsd41O^(c]wc;bf,'8hmnT4AG?iBv]=]
  _C[488]=[=[ipbRnIgOj'$A%TV#-<[h&62+YrEVkKp/RKi^WD^#251ptRo.&N'F&k)6-jF'G\nsIAv$oYq)'>;w+8-uKgk==<+1NM.Mtg\@]=]
  _C[489]=[=[ViGv.Jk\I3=Ks+;)r_<;sHiW^q,ZU7Ho'Bv@Rdwfk+Af]0(<Dud\5EIZlYj7-3MDL<.$T`=fP'9oD]kG\-Z$0i+R]SGX;7TV]=]
  _C[490]=char(85,112,103,112,110,39,60,86,106,94,101,66,61,118,86,77,94,96,76,60,115,73,92,100,37,108,90,83,95,46,109,71,52,79,104,92,48,111,54,110,52,62,86,98,56,67,93,61,82,76,86,79,115,111,117,67,85,106,40,55,96,82,79,98,90,56,42,45,72,36,90,101,78,53,82,46,64,66,79,52,104,41,86,89,103,107,46,39,109,81,60,76,98,110,68,50)
  _C[491]=[=[=IVXw:7DF\\p)_oHK9pV<&N<EQ#hDB0&'Jr>q>Fbg@DwTJ]oIiD,`4;7nfaTU\3#HHAk@]21OSE9KKw.0CWtl5jj19>d%RvU]=]
  _C[492]=[=[PC8]kmE2L_XrHvg@;RV?T#*0llC(wXdV1)k/)X;FO0kf,hb,]&n9]GjGJrRLU)8U$nP[wu4Iw'pAllNJ:N>H>q[oo(X_p9:,]=]
  _C[493]=[=[)VU`GAsu2)TfeeQD3YTVcd9IN]:v>tr+Oo(C3@<U7e=)'%IuSdF(=QY.d_Ok9<fm*S&0=)IQFY3E;T<B`EZN]vQBg:mV-l4k]=]
  _C[494]=[=[s<1K[jjh9*lgU9vld/w:./(el1&%ibi7>`gQ$%wd8DJrZmVu#WQ.CEH(W*)X'So$t#%]2<>SFcN2f@RnR1pI#bvKQN2(]7[/]=]
  _C[495]=[=[rR+(mlj5cqCPYK]\*rnXjcYNA/TB6k6*_ob=5wC>d;mJiRO,(L:U`Vv`8LG8*<t9M_c^ZS^3kBs`3$>.1_@stup7dO1Hg-%-]=]
  _C[496]=[=[\^$TKje\;b;,MBV5Fl&VjqS(SoW\%)$7+BkFmm^2f/Nq)#.2CwhiwhOm%Hg=OInJ&(TBB14QDoNd\<20)+1`6d9>o=U:$B0]]=]
  _C[497]=[=[kP&H3ncfLR2_r-kP';^]-f%:4XB.OpNq/Z]gv<)#06neEHtHoh@n%2]g8i=N?:W01PwEcc>g?),]g\J4>B/(t;;duCr2r%8>]=]
  _C[498]=[=[IX[7(\CU<<#N$=jsk)o-'l0MuOdsLQ'aPBgOqUNO]kF,53WqPZ'8do[jO5)RjYcN,]'1LTqk9&jOiE;2f-1GTohG^;j?,FDS]=]
  _C[499]=[=[T/T@@5X$qGAah+RP=ss1@hqR<dAG`)(bk]Ue6^*Vbg&.AIBP;5*7ng+*&'@cO^#[w(K?TT3DjdLIW>7f?B`Igl.^hn?lA%l_]=]
  _C[500]=[=[[;<eW<FO-Mwd+fs&[N.^CkG,4Br`?@Zjh(lo\?ENbW(sq[q(Hw@-oM;mcj2o;]Zc]Q.7KMY&Y7&hq.Q6QTGI>*L1h#lh1#k$]=]
  _C[501]=[=[*cp-u$JjP'JLj4N_t6)[omqbh@h]B<ULcbtTl)b:+WT4Nc@e?IdU#IR/w<Y:l%bncM'e%R:=5FB>:=$Q>NmpQ5/VTma:H9QP]=]
  _C[502]=[=[?91sQdqJJT@iXXK6f/s[C&APg,Po[7Dp<kPf[$7I\@H\s%*)%/+SWXHR\bAY^%&WB=*ooVN#dV`hNCj6a4&v=EK:rD4,OtVA]=]
  _C[503]=[=[RMwfpP(MjZ?^)luR?#$+'eX@X>(2Z?11T_/Kh5O=ee_=t,q8f'_=O'-_meWkj:Bj'lm@Gss\7*g:n[>T3T4rF32=:Q-b[%@n]=]
  _C[504]=[=[%E0cK=W,5cK4p1S#Mcth_sY0\LFL5'g,WjeC4`CNGHLE*s:KrR#GYb^Q=/W]i0H`$s/u3;7DWth+;bSBU*@_SOj@4`DS,,'@]=]
  _C[505]=[=[%(DE\r&]l<WdS7j@^#f3X>0PP#IOuVDB(uB`T*p80jehbv:;lqQf#k*uZ.YWTImm*AsZe-)Kj>+Tp2Br(ZHNFIEG^'N]2<_t]=]
  _C[506]=[=[,u>,j,+.4.b`8MPH[p0kr9)'t6iRVVRB;dR5r>4#)_(It7)mvsfY8?@qYfZw?If1`fn@e_Or90UWFC]v._D]_17tM>@b>L1E]=]
  _C[507]=[=[GJktG@()?ccf'2j1:e-@Q;Q&[]DG>N0$rW:*'H*2qjqn;-UM.A%$TN7`eNCR?gN\boX#e(*L9\^$^D<u2L,upZi6AY5C=gh=]=]
  _C[508]=[=[r3@YtEp:\l8pMY,UZe-X7Gkm@JW37Vvj@ld^CI*fV>,b@b>wRw34'.+h,Scu46QLheXFr#[L]pew];&o&De=\+vRY3'_;BK,]=]
  _C[509]=[=[_iigDf7]GBwG\]rLW<M0U0&3.`]_*q_Jd&l;>W/I_b5L+Y@Y.ndHB@F2=9(Pgc=th%>NfkkJ.*@n(_b=YXYFWF78M&0Ck*?X]=]
  _C[510]=[=[r;6^9\Ic5Tl)%s\$ZXq'U`HUF]TjjhZnHL9:`//`.D&V\F&i#+\[F<0G:NM+?9Dq[%t`S0]+;*7\:&:XYKg4vvfjSRJ]UcK*]=]
  _C[511]=[=[d(&*CoF%Hn4U\2o$4$D^l`6t9LR;RH<nY9CW:''cWQIP,Nl'ecC1XQE#Q\d&&h/Y@gB45khDL9i33T5563:13_dvE#Dm+oU0]=]
  _C[512]=[=[oRsFM&&6^S3N?>ev<vmZEcTSk6imF.c$re/l$LsaV:&r_5*i>RWR6`D&-'nl2UVls[]ss+nWn0.Tdq#HShf`Xo-mV[Q-)+l#]=]
  _C[513]=[=[M.3g:V3o^0bh_\bP7.46]%2t@uu2$fGM=%=kX[Et<ABh`6iX1?YVvcu0LF=B\H1?26Ftm,;-J:EWtbd9=MmT*&s*Nres,fE6]=]
  _C[514]=[=[.-k9aqn'@baoZb1NPps:,5OZF><$+r5P;iAM4U`#?`9,1O)Nd@reE'?s7KG(s-%3L376+*Lp7<;r?H8+0<Cwi>=mmdRpS3AK]=]
  _C[515]=[=[;H`C-%mhjsX*q(pASNN-*T9uaT-TZ)-e^p[0$LK'2n^0#oYC3cWdBW?gL9gZpXG],8StB=mRjGL4rI6\*/6@@%4C:eunYZ2g]=]
  _C[516]=[=[DLLS:.8Ug=E;uk(83H1WCu*@IptHKTMN`<_SR_2Ib<5>Bej@U:1lP@nh3O7Nn=:nGF'em;5VoeRDu.P[H#p$acJ;-oL^l_oE]=]
  _C[517]=[=[0)ek<Y03r+7CbM+I-v/@.=R#`0`3COqE3'rbK_Y<-UEsm:<o/BGTH5Rs`Oq\wA#SBYZRK#76L2%7<9Ha$gXmgrq,wr&',u>Q]=]
  _C[518]=[=[XFgNa-=P;q8nR:X0TN%sIU2WqK8ON>,lvKwA^NPQ&V'fXZS7=Ww@#0;MwDZ<YJQMj%I]30`lDCBeIR%CS'2W;?D>V%^R7Yn#]=]
  _C[519]=[=[)TG8%wT&nkbWsS/*wl$+=H-]c#,^O0AEOkl?Of\,ic-Yl.nOuLqrrrk[w,dD`u4AB2(EgpFU`rjQ(9h83R3;B^>eFpI<-fmW]=]
  _C[520]=[=[8hWp<pcbg([g@t$v/N5sQ?M+9q#G.5$M<ZN:q/;1$B]W-^A3h\M45;:E)59-UYSB_fclRPj/QCpI6K:f.?r$qG`T[&QhQ;<n]=]
  _C[521]=[=[X;?48_4*klZ;2bCW&TPRhCXDI`;dHZHhh@w*D`8gG/9wJPg3EpqeUTj`pH&@Wi(#BqHaDEAd>RJ5Qfd+jrh[X@KMst1L2K6l]=]
  _C[522]=[=[6oQ@M8a^X_p-bt@[qF#LF`0Qi7uEO03CZfSTBbfRPJ7948oBMfR.uNt-%,['hw>ttiC55d@#p;0mfj;Uf6`5@K@PQa#sRmdE]=]
  _C[523]=[=[uD7pOVpb[E%.(0w$#G>2S:C1flDLWvULfJE>O*U(-)R,EF6qR=PKN;$gsOVDFA;6a>*dgFm?t?a?]o\\L'GHb2_V8k:0cP>P]=]
  _C[524]=[=[emrm=55]->9EsmGD/482nv?\7#S(f:WEeD(/04'H-GSO_KK]$A(q:;INQ9s$^1/Md&PU]H(*?8%Ca<>wJCpgtC5HpX0K7ekm]=]
  _C[525]=[=[?jgi7s9Uar5P=?A7O`+5JC%-8pJfk</nDlCb0bih&tu20NcOs2Gc8mWbh/\hBA#.w^AYp=@#EQN$bGn/@5b%3T9;g\K:gu-3]=]
  _C[526]=[=[,JaI@p3JH_NC4g*-TDkASp7.G\ll*Y?1jXARQlApWedqVKQZ%TeKC,oYq#tk2[Xtb%]G=YVY2ol)7,c8F((]&mQK>a#q#fLr]=]
  _C[527]=[=[voUoM6qR_84OiXEOsvQ<W*6X+:a4nSEa.=b4B7s/<W.C@c't?)\%KJtf`c@A.POe2Mj>hS;#jeqZqqgltH.g_]K';Et-QcER]=]
  _C[528]=[=[$r4/>EiVNw3-0&00>WH%v_e_VSLK'OR?V2TtukXs>=Rm1)j'X&'mwb(NfZ@^$FY0u*7)6Xo-+dS.2nltcMj$*'AGNwh#K/v>]=]
  _C[529]=[=[VINH:(MVl`-M,l/V[J:3=N,Ms'tEinR*T8eX5tqdbG$26=lM&ZF]foLXcI,l?^\-:=8UG%LE#`;ks8FK6Z.L_Mj6KY=S#4fL]=]
  _C[530]=[=[ZSQYwUsYZvNC<`oRdeMb+d3I]r[FG]pQtpWLXnf@_oj1sSBCB_P$)GB]/A@qZalA4d@5tDS?,3hX`Zv7YB-01/tgD]C+),jo]=]
  _C[531]=[=[i9I6;q/1PC5-9v/6.Rdghq_;'J2l0*gY&#(H>IiNo;o4W:VP^U^.g/sDB,AR+h3TbC0$?PY_/ZK#8p=R[3Ri:=*/c?O'VtiZ]=]
  _C[532]=[=[Jv&m6,jf^XX7`Vhsv[h&+V$+VD55+cMV_Tbe@*>FNWCKY;^UYP%rwI2=fDN3#M4.5%.qqZwB)9RemuG7=89j#ROk?0&8?kT(]=]
  _C[533]=[=[&Pik7WS:Eki;u['Gh8C267pdT?WmocdDFGsMb]X'3rsiaPJv,a\-$Q?vl%VdL7X1W0=_;9SYnl@\X;2]i]PpWwVbN_ZKUUm)]=]
  _C[534]=[=[1<$QbN&_QhZg>2(#\AhtHjh+:OXT5nBA#R'[WeGlVJmPOFk_q,e5&qEfH#mk`@1D,h'dn]kdH@lb8g^'hY,DlIR#1,'Grf7D]=]
  _C[535]=[=[##/&jR5]c9;7Wg'=M&eRv7kFvcH>0#3jQqVSF#P11_`Ul;qkKq`eE6iBU$9_+%oWTNr%)'_]j]TX^ZYA)H78pmtccnrl+ZPb]=]
  _C[536]=[=[Vm[Pohc$UiQcP+5hV`,LISo#EC[=(TPHq\FQ<7uW?_ZL1_HQboeor0W8>b/HI(D&Dl+n<9h\_Bf@5e)FoLH(CNuB7ga6tSZ^]=]
  _C[537]=[=[w@#a9:_e3(#3_KUTS*GHJ2rnQZ:$\J8+dp^>ZJO1Ca;2V.K&eNl:wKlvJS;AfmCY'j12hYajd@a;mXI4)`O^NM7'n4lwQ>(X]=]
  _C[538]=[=[LhNe&j$cp,SviD8>nLF+ej3gU^Uo]H6.6BV0hlj5o3f0>9-=PMowC*U>4m3Rm3M_\J3$2$4q\jHj*T)wR(oG?LJJ%\[DNCY#]=]
  _C[539]=[=[;?/DAEQPMv3i*X;,9CraV]i1?sC#HL4MFVAW*0jET>b3e#h9$Z6>7Pvt0ZIO/w)Jj8)(oFs2&E.k/Vjo'ijg0-lD)2/-?+NG]=]
  _C[540]=[=[_9I:=6aeEltYl^nu4pv3=hv47E3+Mfl0)M#32VG`F:?LX?/)%<g@=L=Ztw#\`rX,B,MRoGre9g7sF`=4\CvQKoiRR>v_w,]L]=]
  _C[541]=[=[pplS+r>,MM[9MK@7)B9>S,VO<J@kK.Po0#TqTAs$3Gd-;AE[Y5iYu41,OKdSk3`.ftaX,nH@V=82Hi2W3Ui/aa/E\C>2n@n0]=]
  _C[542]=[=[d'6fl^/4=EgAIu_Pm:in#m'+7Z,R8?J6sjK[U'`5,<Ke<[33^WQM(89V2[W_wma%f>br[\IW\LG;c9a<QkEX^+E@^f\=Jt#K]=]
  _C[543]=[=[Oa,=$VUHn9l=.GWX(k0T=BU=2>3H?6HQd`<F+lp<BA_WDN3TJba)5GE#+$WUj6-T/3CgQA2-dRldun\.a^LoKh*WkT778Y*?]=]
  _C[544]=[=[Hk___?BiT6pK9L)959mVwo(Rg]oi[.Eg+-Qe+1%\0=bp%RtXX4$pGY7as)>S6Eu(6Z_)r$%_0L:8sSZNO;et^7d#45+*9,F&]=]
  _C[545]=[=[l'qR0,QQDfd9O5'WaZSAVt(c*q_r&u?i=+ZR5/YvFAs`hP;$VhAJ:3MP^V9NpPlN:rh(uuNc>[:/K&+#0\e=@_8o;iTsP.Jc]=]
  _C[546]=[=[l)BLg6QMLI>u$=b+KX<OU?-ZaK)9JXQwZ,[ZhUtlR3&]M&a1Ng.J/bH35(KAN[+i\9>)Mi5J0pCBe'4&.5?Q@gL#iO7Y01:C]=]
  _C[547]=[=['mrlQ0'3/-$]@uLsT^=CJw/F46?*'N&Ve*I:8.1+,CdFjX@P#A+;Sd+>&(;l2,s<52ZKkFYFQGIXMNubk(M6C$ErC//K?9P_]=]
  _C[548]=[=[`pohA-3^2.'G[ek9fF0djmAoC.-n9&)&]oRu;+KjqK2<V?*Q6ltbKQ-)X81oHAd1+CDQXqjgt[&+rH-(e9-;,fOiHwM3f5;T]=]
  _C[549]=[=[;0L1AU<e+$\AJ%)e,+hhY3tfSG[+:6u+nEowc6p.d1U4^e8V+@K\h:W[hFjhcK?L0b_sGU`.cA=S:%v\GuL2&mBCNK;>B\6X]=]
  _C[550]=[=[Rq065u[]e0pO3gtQd9?2Dbd*cSPl>7u1VUr%+1u6,3tQd1$,:0JY@d6rgtSca9.1SBqv$D1)w2\-X&v\7E(w\Ec,qO2:3[Mj]=]
  _C[551]=[=[]M[`0*qY_#Yhkwn]8v^4eb%40+o:M5'QH%TppWig@LD^9#qCn6(v#,/+;#&JSr&4nT5H>,8q^5iJfRq?KgE,_qu3[--?,?3G]=]
  _C[552]=[=[KU8,M&\$P6mLM`]R'tK+cG#efO[>O1SU>n%a?1V3X@rUsFEc*_s=UU?YGQ`*CX[)@eVIZH9&'+3,HN9MbOro&li^U_Pu7Np]]=]
  _C[553]=[=[B`sU=Uc)_q*@;ifBc]a^kgN\Q?2][Urw`5,Klde9Mrs0c'a_.On`,3V')[EobFa]\h4lf)9`_d[ZdX-fokc1dwM_5ITjo;)K]=]
  _C[554]=[=[DS=7;g],aMVTD1Dff,ei'^F*-mDm+Jrt@$J('f_r&3lTndc/H;Q@=H/wg2*q:wQ[CsKL'tkq<kJC.AjoEN_D+@V-H<iiI](w]=]
  _C[555]=[=[YI4ouL#UKF75q'dw%T][$K[r:$QT:hnbI1+jp1D=eVFLQ1RMXU%Yf)dtGF)o+1:SDYF,kU/k*$o5.,,42Ooj3ai`_P-(%R0\]=]
  _C[556]=[=[_6h>S:ZD&h96)ma7AkdK\c]\\>X%=qL;WLdpR*f#3FTTXZt#H8Ke,@OK_B?RlZmcVW7<QJ*=r*J/sVlk0E4Ow36X2I5F8K2&]=]
  _C[557]=[=[2(gDq/ToY;aKu5qsiev]'mIToLQG]?T$1s5:stNcq'HO18:UGXA+&KNbVWN`)-1#'7hIsLl0mXL,iQmYp-h($=Oq;)3&[Psb]=]
  _C[558]=[=[>w5u+t+:D^\B-qfiAkkMj&,C%,ie`5u?<i[71;K4qL3L-?]/D&2\1+B']KlfM%8eYA7W\/'&T_'#TrGM6<9mB;-%7)EAqCJp]=]
  _C[559]=[=[URH5dNpP1B0$$AB^RBSXGGR<c.vpTtogcjcw.H@+a`UY&KT3$2teD%:WRgAumm2WMc#IEY\-b7ousV`pvdlwU/F_Y(]AJKJE]=]
  _C[560]=[=[6Mp>@VHce6[MY17h>BC]<^cj5_#LUIh\L^$-sSkDCto3?Ql.XoN<6D'KO;n.;nID)\:C1L0huWF@$-i0DpYT@fFqk2lM6uH_]=]
  _C[561]=[=['geNT[O.RK),_JANAc%Lj:_X7l(G%bu&ummp)BMQJk@^><>L1v%Ha?ZCTO%K9V&nLg@oY2b%14j7$6E5*qJ+?9L`[mrmv#jb]=]
  _C[562]=[=[rf'4h'.nU#FFW6\c$466?7@st(=P(fc`Cfm\w3/V`C=1fGgbq\YiMm6Kr`1Kp,@$F2$$w;t%ao,A)Bg^v'v3Q%n=E>ed>&/.]=]
  _C[563]=[=[FIvD3f\CX'vU;.2HhOi$MY_\oa:=b\0I]A#2ND]D51t>ehV0DM*6%RmtYA/=JG(UVa8-IY/]t3Xwbl5K,k8c($*Q(_JV3b@=]=]
  _C[564]=[=[[I&pVVD1<D:Ho@s5C%qg69Z>:i3oL^JQ%Qf(26*3(>DvAlNLW/IS\^v99VvGMN3Y8VW$)_j2>MSRJQ_<nU&hEg(T)6VY#^BJ]=]
  _C[565]=[=[@n)6a4+f%'kBd;TvECcdvg(tl4V1QZRe(_lfSCwcv]^Ebq>+UVTVFH.w':bakO5v4\NtdB$$uC%N/FK_fZEb)R/KN>DrZ6<k]=]
  _C[566]=[=[5#'fp/ANMQkn1N,*L$5/r-Np/QQ3H`c.\->O\A+Ys18,iGd8I4o9okm?Oj>D`jXB_kUB%*PB4AWOGa@kJvsD=\LAg2jd]qX>]=]
  _C[567]=[=[IRXi=6iT,bk%DdpVM2ESftG.R,s,m./il$hjDZgGp#*p<?cd$c>cO[OYatiabnSBAqP-<K18N2Unjm=3Ocss=\d+4Q0w-Vt2]=]
  _C[568]=[=[LGK-Q5.Q##rXjd>1Q7^;-q`X?pX5t9lrZQ0,P:sg4Iu'fdj't=(\kVD-#PMPDm2QD-C_WQN-sh,[p=l(X'MD?isTi-6HPJ0Q]=]
  _C[569]=[=[W]pn<U3r>'t+6Jvjb-?:KhM:Ym;,td]S<D%a:f#K^;4X>Ts.Nbph1LeVqd#8M1m._+v3_+Bn;@kb,6q<Qn?pY0o\oS6b82`Z]=]
  _C[570]=[=[[,&*WP?7h5whF'P[r@-r9//te<>bGnqguZ((FS9U=J2#HXU8)\Ok&+tEU%_1.^YTSSBpdh_qh:)&VAN[O.t0noo#BEe;w%I?]=]
  _C[571]=[=[Uu:`w0(8?;b4f.qM>=9n\Q5fY]6o#FKiAZg*JUM`X(Ri30^V7&Fai>JMD`'dWV_7Pi8<e=FDkQ^.1&?#3];@\Hj?#DsEtctR]=]
  _C[572]=[=[w9r<PgwAVWiG`\+dAG1;SJ%u'Zd&,_pSE'E[$;.t$H86rNwwvDaO6>%5*nA8(7[Y*X18rgN>@&&e#&-)%wnSIRO)cOe&Pv8r]=]
  _C[573]=[=[`Gs$jpbLs'`/YM:4em&(3]WtW3]v<F>B&g-D[nW5$F_\(BX62G0Av2O:(WPe3-PgCqLtaW1VVSNQE/HAJ*Ign0NQ>b_=wUUi]=]
  _C[574]=[=[w.r?GOEqDw+McdvPK7/uRa8FMu`\#563gOPH&KaBE+Mlf*<LPi.?k@M@KShJPLY=q-C,,:dFsGcV``1u-q_Q=?]f#L3r5*?W]=]
  _C[575]=[=[Na+5B+r)c2&7;_n[U9=3Vd_)0XLmK`Ds&@8.jOvV;4q%Qh4p(-B5;e5EI42djE4.9VNK<6)5AY>J-U1,1E`q#C2L):fNEoks]=]
  _C[576]=[=[$#mg$MPW3,>#eeF#>+a(4tEULJbMZ(45bGqWs[,w[iWtA,J;QpE8'w7ZL3/E`F57(gq6SN4tUJM46H3'I\_-RDnvd=O`Aw]%]=]
  _C[577]=[=[DBmJ(RJBIYPAJa?%?w(PNw2A'`hPj&3$?RT]#:^:?=.rJBeM*JP9uADT-8(R_@.W:m3F%b7q/bo6.#=)$G(4e#^dt:pMb)9?]=]
  _C[578]=[=[r^dCcD1;\o+R$gCHj*I5bi^skG0$'U%(ZM'CmJrdispBtV3UIJ]G6U`aani@%wZBPWRfEt_2IOqY=.<K<*eI3cdb3Yh>/kX[]=]
  _C[579]=[=[f;UC9H4Ng].wC=/'3t6If^jEn#<pla[]mt]bMKI(6[7vY6;;Ws-^pBid?1?%HTk+AIY`&@*05pWso?dt;.o_c5WbC4@?*db%]=]
  _C[580]=[=[vhklL.9OBk;63s/f#^DG'4>3NatU(u+`?5BZV>:'v1^Cc;)@.-j$._4;<bA`)C>pp5sPf%>Z>OjKPY@p`0JM,HB&mS:=1i1c]=]
  _C[581]=[=[(/gsj\4>pJf1<pFr`8R<u)4GKplCC.2Gp%9]`T_F[V9kTc70]]5@[^bVYmqaXIj-tM5hw9jNNkPI6ps6:)(;TW%f?pa@1GGn]=]
  _C[582]=[=[D=sFaq+H'q2V3A:;hRb=BS'1=Ro]AZ-)@^Sf#2YZA7E,QuK&mPN;W3jQ<Md5%Ak*bJ/w=Kd\Ga.m2Z&56Ye[=<qE@6sU2(-.]=]
  _C[583]=char(97,76,63,50,80,110,74,46,106,37,112,91,54,87,53,98,98,48,60,108,38,102,107,55,106,56,48,38,41,116,39,50,43,58,79,66,39,67,56,103,100,102,59,81,118,93,61,38,62,44,96,79,65,62,38,71,50,115,46,44,102,88,75,98,36,76,62,87,45,114,81,107,69,105,53,72,91,102,99,99,47,57,70,90,98,42,54,41,99,109,90,76,51,77,44,65)
  _C[584]=[=[&2:em#m#,Deo(:eqM,wUY%L<0nc7:\8l$r,J'Tjw>:KQ(.YN@[Lp<'BfT'Yq-pUd4JpRsXjJF2vM98A@]Y:f*Xq8k\u2^ND/]=]
  _C[585]=[=[.Z[\g8]Y0^u&L;]tIf#4w\@)uetsKqw#PlCFnNUL&B*9><&$?l\H[^7fRv+u-;1+bU?\G<i#i^>`Qr3$1nP.vt,mjb]5?$2T]=]
  _C[586]=[=[,</I9R[Op1WCkoOCU7hSQdD9ci3koAn[u$W%#KpF(CW(pP3lGY(c%B2O%1)>D@Nd9d(>Unj'f^^?`*1q*Z=]83P-+1t6UuP+]=]
  _C[587]=[=[v1`.*UUhuS/.g8X0kcj&Hh5dfmI(UASw3&39]0i?oj2_L+[KAKR@K'_YZS]V:hV7fcoH8^vd\0`[>g3ka((7J'ST&XoYFmbv]=]
  _C[588]=[=[(]TM1+):@X$L7=hPD8:\8YO$$H%N396?qg>tqp[nN*Wo`*T\tMI.sP:oU$(3g0<TmVVD<H><2dM$eKbKl'lbM#@E#Fk(mrA9]=]
  _C[589]=[=[0O\J[vElKfaROZ]hSbgD([PBN#CoY#v^7iI44Y'`O5A'0X$4][BPNv*;69ci1ZeV0bLm:O#:K+sskDjY.45[Am[dLEs)orU_]=]
  _C[590]=[=[>`d\4Wsa7e%2k9)>5;uSf/w=2h[#ALSo[tWtYuNl'7)J<5olP&Xbc%[:ih8qMsf.LI1:1:v5p?<aePCtQ5^#DO#eKY(p&7ad]=]
  _C[591]=[=[#RRvDj_`-tQR6]E\Q=cHCvbTqke<>iM.3+%pOmY-NPGwRd621RpYkoYoSqDhB+Dn7ZD]HckUc:e0Z.0^Q``=sU&rV41`@,d0]=]
  _C[592]=[=[IaO$UH/5.Os*Y^eDIC?T/4iUjfcZ9St'<T24__(4Z&e<?X8_t0A5]USj+&^WJYmTYwLT6n;b-]bv*4rR&24PZnOb=V*peP.-]=]
  _C[593]=[=[t1`P_%cvP\PmBVmaW\6Tjilo@4?kK+bYBTnk]797?&ZN?pq;S^XK1L_XhV+P1SDW2_a]DJ++uSS+*dE@Ujgnr?svru6O43j4]=]
  _C[594]=[=[Y.n/6J+N96QM\H&O]?mZ-u((ZMU3(.Nn5ae-bZf1k)2uS^Q;:-k\U',vC'T-AB;76ZqX2+X^K8ipwKDb]d4[-Q:<qG(ojV]0]=]
  _C[595]=[=[P&(l;iEX/Hw?7XdNVk@ERhV$bFS+n?A=I/(QYN1r9;tnA<)DK*Oha4lE3(-[oI)iV8PZw^A`md2^no;i4MhS)Eh?\n2UTJ=2]=]
  _C[596]=[=[3OjS+K,aY7H%TcJ\[tJwFaf3]@]D7Ep<;>RKLD=rI1VD6B-.n>[9]Kh?Zh?I;[u+2%\F)XpKb]`G6EqY_c*7RC0emFgscq4G]=]
  _C[597]=[=[4?I3'L4)p/t&EG5D6e(pH55>Y1M%oDc5(RZG6Xe.Q^ka6fF]5grRHKFk*KSZ(eBts51IQq%Gf(HnO'J$?#:.YRwlsI**j\\^]=]
  _C[598]=[=[Z`mg=g(N>AI9+StMV/.JN>NGp9kJ1O=\(_Y(bm^9riTe#L\O(o5B2Oo]aBUal6#fPO>/dNB36_dB3#j'>SqRY0fpq]Pfk:]#]=]
  _C[599]=[=[m:AF3>bg?K-cdWWMnFOpG9X]K>,N6oBRIBtDC'gSAnJ0X6%VKp?]Z+5p=$9r$3R&dKgo=JSB,8&;:KlJ$15lX80t8<@'392K]=]
  _C[600]=[=[=H')\@8*YnvrgG$p1>rvW0-L7'\&GWubmZ#K@9W#e-h3LZ9flq'?XGe]m60jdWT\+8gUEsX<M]iDd9+(eN-rK,/FraZF?Dqc]=]
  _C[601]=[=[7aYXdEB\^ai%KF.kE/ii\s8[455f*u_uk;TOi=)=`eKiQD_wf7Bo]Y(oQJMemZ4DH`s?*QL8$$%Tlj.,qCY3(mH@nW\Gr]\m]=]
  _C[602]=[=[&8MWC>ZOm<%QUW+3HsTK2+E*tFg[00FS>L+c&jM=+J-K1dD,rs(O8H4)>fm[nQ06t?1pZd,m^T,qhq*3e#4(+Hlq`C^YBwk4]=]
  _C[603]=[=['nB6llfYLChhiq)%+19jZZS*\eA>\V+%^;L%pdKa%o`+Y9#:'K78q/wfgD.lA09%QnX`;6Dl1kR@.^TU[G=&?qm.LAwSK_AG]=]
  _C[604]=[=[uW$ti#Q7A7`D#=(BS@Y0YBkkHmP.Sp=3EF\%rc,OC(M:h4<)^CivSAnZ#P@AOWrHlkq=3nB4W3&T9KX@KKZ?Qtq`tb3C2b,Q]=]
  _C[605]=[=[i`R*dm;+MXVm7tNcmnoOt`j]\rZ11i`mfR,j,b1Lb>gAa:T?XX9YJon$8;37beBu^Go4=@NWb7.r?TC=FJqsI0m8IJKR%fB6]=]
  _C[606]=[=[;pn-@%#^^QC$oPEJweC.3(:jOt4Cu?o[cH@HC_hak#M8,*.CNv?Yrd.Sg)jE.,%$pj@.uP_EjQ;2C>*.qDu9To#`aftv3.ad]=]
  _C[607]=[=[/Dq$2t7-.eF$''tmTu02ci`]%9]t.2*g$s`<gVvi<rl8r3b`\@@2j<@'O<;=mSuiD%&IJFK%GXD5;k9Wj6?AXK0[lX?<Ffkt]=]
  _C[608]=[=[F',cU#<2,K0]7IDsOMLoZfKD[+\XFEAA4VXaJ*l7NgLXKiHKPhZ;nPd`LQb.0`2(aSfl:e4]QS>Qr@Ks/?5;]*bFnjIj4H1Q]=]
  _C[609]=[=[HBd`9bl)YLC3R1UUG^%\eFToA_0_b6o>_w;.:mWhnUrn0e5F@OCOD+q*K:h)lnq7aC=DK7JqniH]5b]%5jc\krJjhO5jtTm2]=]
  _C[610]=[=[\t;$3-][7HD9\.LH:N`+XL[VIKR*@HABBVIj-3IJZf&9(_G2DE\r?KYC[5%GrR.q^cF-piSUG0iI+.d%^%5b]O7Q<cR./P.g]=]
  _C[611]=[=[OOU2$'3Zp`NU)r?qvkV.cw081XN[V*_DSw3h2bBu\ZsiL4X2M<GeqK\J)RpX^YpRG9*RF7*?PLA<`M.pOSp^]K,>,7eiK(eI]=]
  _C[612]=[=[(@9$2&%<;<eM^fK/:JjCX,M5Ac;YJ1TU0=R.o9nmZ)k1)u]RUt-tMY,B3$]Y#WsC%_o0H?NO.]`8_NHV2s=8/RNsnMhf]f=%]=]
  _C[613]=[=[AEmNGOeH&>*#:VNLs&qDfPb634=f@&:#^hwg0-VYReK?_J'cGAN<0>E`$p1hcT(OsY1)'JCE'qWrd$[QjN>(dk]aK>#8@d\v]=]
  _C[614]=[=[&kR5@#GMqss49kC)oT\_Qb'br1QDVIqlb_f9%)w=8$t29#HigZWCM.`5SMT5wG3c/PnsH8-K7r39%oUJ1gZhQ'YOk1Fk#f;?]=]
  _C[615]=[=[PR4\QmYP`Hf/=i2jST>w6d*g%(lXoE()O,&va1eaUL2n,<']*gfR1bIO7VJLHJY:hg@[Q:ejRb>22vHSv/+8_lq\vp(V*JVJ]=]
  _C[616]=[=[TC[3Bd?sgkEq/F_gKU\T'_ml**;0T^.nR\uf1ScCJGtP0%Ej2A,$XcP$o(m&9NB^+u/J\jNg(?U1WRi0PkmrF45;P&N#q?I0]=]
  _C[617]=[=[8UHI>DgE<gi:vo<mA$$QW9>M+22&eoX@9AjHH`sm3/$#q,%T<(MNin(F)]rcFr8`8'>hL`-;=ND[</_<GK0#H[a][=3VV_H;]=]
  _C[618]=[=[WhN@-tiJ4MT8mgNsX`a;7daisoqsZhaNeY^O_'L[sm7N&g&Qi)D]K-&>d8D$XttW^&KfZX]T9JZ/`1*(L7R9*KM3I\DS^Id+]=]
  _C[619]=[=[&R`\3c[B.PCd0u$AvhN2AJ%#iiJg`bn;D;R$]?S;V:n-1jjj]XeHod-@1J].`E6k1F$(=5CGb*9YsTq:eg)OweLUkVW)7\6b]=]
  _C[620]=[=[NVui)nUIRn.s[Z@KPP<&9YSRSth?+-WI8an=%*Iq1N]]ZhHujS%9?dW1C$A=2fSJ6R2B]+LNL7gj%:eTVtv/R40GJ&BQ5Wf>]=]
  _C[621]=[=[I#JAtHkY3v#ObMM+nm<IPGo`P]TLcaAH1$>m+9bRakRr7;bHSmn:d&L=M]'#G@5O/1Wf@k;l2k^bWpu`.;,;,;\84S>/)(,]]=]
  _C[622]=[=[^a_,/do[m9k*L:hI1Jd3?Ep<HhMc^nJ6>q@)SH#O+kMN&%v;t:5Ju4or9d,KABf.*CAKgl]8O'U;Tne&J,-o1BIU\Lkq9#WY]=]
  _C[623]=[=[7J`d:e(X#u^>gnE%#v<_P9*%^d3Lm7,<#iU<]ntw6q4den:*-K;'J4KN#&)g%X2%u`>G;S.JuPlXgX$0L_&p(ns8kB>Y1V>Z]=]
  _C[624]=[=[t0Q4REK4ch%f(I&c2M7Hi8TiJ)c6T>p92YRrmkGk.$qpb5p3_>fZMJ]^j_eJB9_k9*;e@Mb7,oUiHlCF5BDl)?%d&?)E=5\c]=]
  _C[625]=[=[?#9lcH%<R57^5L'@c6Fbw4.EvOaC`s:d#'-KI>X%37k[hHVoQRHe5$Lr(0ks23D_2vD$GenAYfleST>os9#^ph$g?Xv>`)C6]=]
  _C[626]=[=[5'WsEmEDB?#PjeNGKrb;gURu[Nb232:V82(@+Ue^ee-NR\FhiTDp#Yl][59GG%\0\Jdelw_iSr2i[&B5p`m$-:$%lI?_1)FR]=]
  _C[627]=[=[U8RlqH@HSK%PmD=+%-?Ubi/,^i&4Ie_cw2':`EN\&oXWc=+61Rq7JMDKLQ0tcqGd-6j$Y1F=&9Zvm`2$vj*-l489BgIMP0<l]=]
  _C[628]=[=[Ig;&9QJ8K/`7VgK8hM^cB2$F^h>hRV$s2H>Y))r_bBG06gti:XaUu'5FeVPC:+0K[jaK1d?ie3-g[dHZ#,>YZ6_lih.D(HFr]=]
  _C[629]=[=[pdKYXXphsKuhEV%DoWFum8i2C-N<2;b7lbb&f](P#i8*vfk)36C\T7tqNk0@T@6Q%Zv:ppc3hL(v\G.6F7bC45d'G4h9GvYH]=]
  _C[630]=[=[&GqauM,5kpnF0tUvgDj5AGcTDSYif4\6A@s^ZF\4hU\Bwc]H8qP,\$BsiEC_He<YU<?mgPumeFK5kdQ.m=(r)#X\(asMoU?e]=]
  _C[631]=[=[av'+0HjH=G_^tC#ebvKjWRo(ZRCPM,HZNfo_q<bUMZ_A5LF_<p'g^p*o=90U9.oD@?G`XbT$u#4Zn=X@Pr]h]-eo'gl:l6q:]=]
  _C[632]=[=[-o5T1aNs,\U?jGM,:(f(?]GY?*ZVkTeYcTo(-*PI2Kfnj'b[nAAu?+hF9nRUBEc8,,MrSl/O6P$lN-sc3bvlp+db5#N1LHJn]=]
  _C[633]=[=[S+^2'R:>Z:&VW7=4F5n3HmS;S@0>`/YpT8U$n'8B\-'#PrabfYK;T1G?S9H;(@$MHb?@DTepeO/]R';h6'\Z6Kn`e(OkB(9Q]=]
  _C[634]=[=[Y]\]3iT=E))a3>%_Thu@+P5Jq>HhsA==T(s2PT6'WFjX#]IkUR%R'Mu(ZrM/t@^G*;LB&h=,Ro23-BvwVu9'a*ZH)7+ANAEA]=]
  _C[635]=[=[g[hk@-Vd,nJc2,kw>aDW6A:@w8W;(hKIRGB1((r723\#X-u1h-N`RdnuHJHBir]]26cda.K*6kt(b1bwC;.Cn+p;<+Q#1I*a]=]
  _C[636]=[=[R6dtCa_tUv6^<d<O%QM0>+&J1H;lsTR%qv&lMoPrCrCE,\'+rOBCTYQKaUE^N4AF7km:7:nV>o16=/]gtj=bkf^D&^R-qed?]=]
  _C[637]=[=[>AV'LTUvhK5`,][n-tnL'9;g3/2D5P&ch[K0H?#%I.dSrbFMo<o@)<+%/6H)40iS+pio>,bc@Q_QieE.g)^>*O*NtVU0L5nw]=]
  _C[638]=[=[aKuHqe[SV.bNFNwjpjcA.)D?g9lWhOGo1_%Z+Xf`[D-=;os]fc_?pj'(9/\5]rg+Hv&C.,lh@b\lt_hb/-G/;QfP?aHc666T]=]
  _C[639]=[=[ulE?&IjH<1C7]>]OIG=M?<$Z0LsGXsOk$6`kv<0q5]K(Z'wZD'e2\ojBAY=$p$@;:0=)$l8*i/T?G<VFd`gLfmSf0Zl7`S$B]=]
  _C[640]=char(100,91,98,108,104,52,97,111,113,64,72,103,61,99,89,69,58,47,71,109,63,91,91,82,41,54,92,114,97,89,45,44,90,38,88,44,40,99,72,113,63,78,89,104,119,115,103,105,87,46,117,78,66,50,98,49,78,106,60,94,106,114,90,44,100,67,87,90,39,101,67,36,75,36,71,103,58,105,41,54,111,58,56,53,58,87,35,93,53,54,40,115,105,106,74,83)
  _C[641]=[=[Q[w2.tJbcs+_D_6Kt&7=DvTce1wrT;InGEihVueF#GCg+k;nfCUYBltP(GN`b'@An='RdwA7k4p+C^CNMFK?aG6iV\aM^q,+]=]
  _C[642]=[=[c_6[`_Yp$75IN#\A&GK[LPv*O6E^?:(;VUQOFq[>RZYDkTPN%VtUYdSs3b>Gtn+F>nY?Y26-Q(8fTcjAPDCs=L\h1IR*hv<n]=]
  _C[643]=[=[C]:C`0]1)\b$[,^]U$0S./00:9O9ZLt]p$^VNb(<WQCp?6_)sT^Z16,Tto3cPg(e?6_Ee6a>Zm6NOE&H;p-*pX,n(GwIq7qC]=]
  _C[644]=[=[[AQQVE#Lpa[Is';Kq*/]5UAaCGM6Y5*:,b\T6^)L]*#vO/M/HY3._tXPj;+6dZFcghJ\XDNIA<jcFko+d<Z`ZBoC.UPmM?;t]=]
  _C[645]=[=[]O2ceRk\uT;`tZm-4epG0apuj\bi9YUs@c\(]k@;J(qdA1(nQ<lGdL:6m?WL$t:rS=I3HCR+XG^fg-%NZ0S,rWCu.%@eh2fG]=]
  _C[646]=[=[ND9=w[bdI^8kfnc)3`hn#:R?PJU@NuLrSgPE,B+$WS0g-38`eBPj7KV\6PP]o0gGQXCab6>hq_>liWcf?sS3m7hR[]q'P.UE]=]
  _C[647]=[=[XWiU#[stbZ-SWPAP2^uQ'@rb-NI4*NfgjG6g'hsG`mB1I2bEK0psD[j;(;.(n%c[%O[],*Mh^MWhmW`tPPjaeu]NI:0$QID8]=]
  _C[648]=[=[)<A-ik;,81['9hUi@F?>Pp4)nC&iX]9,ds*2XS]Y$jV+Mf23@'pHHhDi]4AK$o2o/Pc]\Bc\\N44rM5dQka#%sf0?u,RHjC%]=]
  _C[649]=[=[6mr,l3^>l]G3^NoweROKGjSv4apeShPh/2>Sjh\wS?E-\6t)r_cl5c2=;$'gPnO(WW)eULvQ6710b-q5=9F;UL,fr&):Y>s?]=]
  _C[650]=[=[AKLdg_ia>uiq'/+T$/(/0MvMe(M6Yv+'V1`+&2RXUJqknsImp@J\K?Xn51aT0O4dlj5X[Cn#v]\S<B5v#9^72/6XeINsuw)C]=]
  _C[651]=[=[J,@dC5uY;)ZV$u=,a+w_Z/^&Jm-ZTVNS0+W<+),V#WvgT>\:Hir4&RsYOSq[;h\+K?__gvoBYMV`JhqhB_oZ^\RYL`GhOW-I]=]
  _C[652]=[=[X@O*18h0S_E*Xs=XE9vZF[J[4.nT_K&B*^#j6oc&@OpwS1kj1rr(T?(THB`8U,hXD(l'cg@hl.tdVvJ_C,3^1lFLU+4d83SB]=]
  _C[653]=[=[#i2tPGikcwZ_s)v?\cP/o.#FtS.Zq3vDPbe[S)Ag>Vpi0A'W[a3nO0nW0(j?CX%3Gb<=%4V$Nph<\'UR3G6(e5<9$8%8]d6n]=]
  _C[654]=[=[A*'q`wS=[hCDEM_(+O&leMQ%%6q4a@7e*=t44<Kg<O;N5=0m1[bHP2?:'jAbCjS(/p&.oX$+d?-v<81,tGi5oFkp^hng,+SV]=]
  _C[655]=char(89,105,74,79,73,61,95,114,112,59,88,35,111,116,87,87,76,89,96,91,114,49,61,96,116,79,44,51,97,93,87,107,75,118,40,57,108,94,94,108,88,100,101,85,43,81,36,81,88,70,53,75,35,45,55,75,98,80,74,71,80,114,42,117,107,78,35,77,114,82,58,86,72,75,39,117,46,72,105,101,47,99,106,39,44,94,71,40,72,98,94,112,62,93,61,98)
  _C[656]=[=[#HW1HeE)lVT9/gG(AELdT2l$9:_=?WEBBsM<lwn/11L:icLtlS$KL:1e<n_Ac_NC>2$wb7gC<je*N(H8`@2^?+gPWcl[FHWn]=]
  _C[657]=[=[1Pu)7u.mOOG76CV8RZ^mOdwMRH&DrkDKXl\J=/X4]Pd/SkEVG=N`b1BCLnB^Kia3gN`wED(s%lP<+t)0/hnTgqL:bX?+*CL:]=]
  _C[658]=[=[r_U>97,Htt6otVs?Ck#pL_MF[.Aj#AR9)0I+f;/Pb2[hQ$dRTpOnUN&'[sE%sbqlUBi`S`NRCb:MKVhdK(e>hCI2S2Dr.H%E]=]
  _C[659]=[=[:k2k?k^V4qI6nZijab/+fau53%Zljjk^E#uEcjr0OKPu1o#)=IarjbInV%LWnnSXRmeGVBs,Z40#:k46Fc#@X^<.oueM3Xha]=]
  _C[660]=[=[*5s?bpDc#_s9g:wh<#qSs[``Vr<Abpn#wl1=ohsLo\A#689LYfm:iFH\P850O2&I,uU)+HbQ+-gv2m=So*M9l#g6U3GgYJ-W]=]
  _C[661]=[=[G4NuHc1*dCe$oKoNqgrpq*hUhL.occthCA(*o^wwF??kSQfle,sTH(0,g0Ka<1RIM%=eHC@>1G5p>BJckF$+87J*e;r2OnK]]=]
  _C[662]=[=[@%$3`R'hA<82aQEjcCqLNad=[9qVDS18nr=>_q0FCdfb*0DZ=3a+d+BTll-9H$jpL(aKPJu`sht,QL_lIHTFZG;,b]@C(^fX]=]
  _C[663]=[=[7v?'7inQj0puv(%N4rk^C:dNP7e8Qg&/\k(-C,lk/%ATl2_RNcvvmOgB:PD$*C6*]'?Va]h8gEP;=;m5q=#=.6Zg3ve`R0/<]=]
  _C[664]=[=[U(a)lhwA4IG5Mt#)0bWUbQp$`D,rl+7J*l<_eeT4h.edG'_gPl&WmrlakSH=WNMRU'uQe9Z5u0kTn27GUhrPQV$GL8H.)-J9]=]
  _C[665]=char(43,90,52,47,54,97,110,82,105,108,65,51,90,73,91,82,97,114,106,78,116,47,43,76,85,45,80,99,93,61,62,68,79,69,89,81,103,95,44,95,84,72,72,77,83,84,55,98,67,68,51,100,52,35,65,108,71,80,50,46,36,98,82,48,97,55,39,106,83,86,114,63,115,73,110,116,48,57,41,51,111,100,36,36,102,70,91,38,36,72,70,67,96,96,47,74)
  _C[666]=[=[3^l0fti:$'#Eltu._G??+U%u]HG8N,QQjK2Q@HVHn16Vl-quGKCmdL-At&d.;4#L,?aJP[duH^g%f;+[BSqS(J.UvAjd]Yb[]=]
  _C[667]=[=[es1:<sKFl)F1T#.s-T)GGa90%9,n:=gtR[]K&\7S5(CZ\:If6VW+d%6Z>DKlNlkPDe8<RbmFJPGu0#73L4Gig7kHMc_[=X#H]=]
  _C[668]=[=[)5gj/5JnO&4uC/>4<UpQcA1ZCp)70Bfpp^Wgi31l4KLKE3qG#D0OVJ_=p`CVfUij7$0es:4+cIW?Q2\vdi[%Z.Eb5O.psACZ]=]
  _C[669]=[=[#OCWX+5>(JkWtbjrhFV4%(*-vv^E]YY=b>d^o:O+4j5e<'*E]u)6u9-48RSH:M4>8wIQ@#,13`ho63p2Ve^;%]$g>'J::,*p]=]
  _C[670]=[=[^;\Hh'2ie,F/h\1H<2\OVQe]uGt].'\O([L'(?>10B&Y26MuQRcVOpX*T2@J+bVB8DbS$IDruuo?I9?Ka]*h0$5&PpPU5=l`]=]
  _C[671]=[=[2'j5>Xo4gvfL(mitW38$-rXT(nQ(8As),RaMFsGlOcBZ$`98R\:gsFe*Wqg7Pn`@%J/9^_=hKP3#a@=Aj?gp8)e_%w6(jL%F]=]
  _C[672]=[=[G4Y>S$cflNbAr5'mP^4%T$A`k`d/]E=GIh@-6Y<Z.d#dmm)K(OwT*le&rX%FVA:uYtU&s7t_)mc5[NLOlevU:tR,G=qriMJf]=]
  _C[673]=[=[kXJE3.R]>$(3q&?^T8Ght1TQ:.WmKSAl8kc%%ikc]mp)YYGtf($$hK9J<J2fd3=@.'\FcE-.\#H5k#Bo'2<@iTOJO0W<0SA.]=]
  _C[674]=[=[pmb7@WERB+44b$1:1kc.+UYQh`7\<;bu/?^mQ8[%[oG/C&pj$2%s63cp\s2]b$9=gJXR+%kvBRKM*#)`lp:mosMTu8qvD;Bp]=]
  _C[675]=[=[a;T$#W(e/[*O#o+.O+3'?_H/PN;kX8I:m`<YG8m&T]E>npoKAF6.[.+AL7_D&5p:A(gA4LTcM_(G?O:CTUu`4OB[bQBZp:m3]=]
  _C[676]=[=[K[qnE*)D8Fl'qquaRrd)+>0*CX%LaD_uYktcLUke%v*;W>9CSF[L+SWoME%A726*F&*Eb7*6>YwBqT>%WV;S?ZH6R]h_M8MV]=]
  _C[677]=[=[_I<YPC&%*ft#$R0cY=RW<$km1BMbVb:kE9?C@ldrF`RLNVEe1jKnhIXn2kc7ZsH<]cNP04/)28nMEHS&PJJGU2Lbv%Go_*om]=]
  _C[678]=[=[l%O1G=/r<)umT]th?j8g+DS]]Ccj:%&_*(j;]u1`Xt\+4-tY#Q93utuag%lQ81d*0ABD[jfkEDlp*elUHhXNt#]G-qT%VaqX]=]
  _C[679]=[=[D_[;<5%#MAQ7EPgkL(^MHW^?71?/o?_iSj9j/HrmvMl+*uJhRY%&g?%';-$1Y_b-JPn^/Gaee+Cv*.*$pS*72_6rQ[5*acA7]=]
  _C[680]=[=[VQsF\clUW&Q5IA=v]hcik3%aWh.F%@YMqw)Y3>^uIb'K%CiR'N_RnBh>d=)Lf%He6e3]\FhG/=1B+8<WGSGqEep'dkM[ts7#]=]
  _C[681]=char(70,119,75,89,91,44,97,89,43,110,65,88,75,79,69,63,107,78,84,75,52,108,105,75,98,64,80,53,75,109,104,44,105,99,99,86,105,49,35,112,88,99,76,68,79,73,52,113,109,83,65,74,106,93,114,112,70,88,112,60,51,54,98,40,63,57,90,111,119,84,83,63,92,97,67,105,96,116,37,79,65,93,61,97,112,69,58,62,107,65,98,63,56,50,51,49)
  _C[682]=[=[t@2;,Kl,P;R%Au%*YT6*m[VwO`v$tKT%\lGJc2Y:pZVh[It7RrrGtqeDG9Zsh9HfPGkf3lTPj&(La,Lt@[pwaY1f&$dKX;I^]=]
  _C[683]=[=[GR.j2Apb'M784ZYL5n[uU?EImM(LiQXArHr&]:^cq\Y4Qk`G/;v[-Os^m$`KGp7Nw:/Bk&,u]jtg6j8q-p.O-%p.?u'G-msm]=]
  _C[684]=[=[;q+j)ZcTwaU5/'?Z1N:JwIcgF#7pI=LW1d70q#gfv2j]a=hD-65[/7u24?2H>*<;C1(I9b/C`ZrWf$KdjJ]BZa53bhp*>hb']=]
  _C[685]=[=[7K=)6dZ%-OB1^&W+\nssI<a+XTFNGogmSQFJr.C6mbM:He3GsLC2.8K=;t#.\ZZ6-,jC8v9<[+HgmRWJHS/44vabsv&1HV[;]=]
  _C[686]=[=[Tie-+ij3C9dhR:]0(&dpJOrSO>r;UfVBKad*\Gb\0`KlOO6DR?pE=Y@8jF9X)Eib]WU-eBk:u_6gVX>^k<5:>h((OCZ[bSm`]=]
  _C[687]=[=[aiBo**+:BL_qgPV;FBN0]\('qUm<F\c09+nY=4V&&ps%a%Q0^6_qRS20[<6t]T$-ma_`Xi['w(UiLp+eX%-oBZ*]e*.WN=#A]=]
  _C[688]=[=[=F@W%rZle=q@ADWACZ/,pu:`)0*#gufKWX)2`kr[r.Ij+$Q'A>:_B2f5iS+F`m57UYRX?OdJ@KW(N$n05nLkBF9\g9vW8,6c]=]
  _C[689]=[=[S^ZnJA0#8rXliB(mY_<bE1lv<XCd[_YHF9K.p3X9#3$nl?wVnJ)24Q:E_ccCO@L;)`vq((D,G67U%Lq?qT%0'7^Po3f'kB9W]=]
  _C[690]=[=[SHCp,mADo%$NDG4pP\-&.bcgN;Lc]Bi2nO*1tnphUkQZteMO(qD>V=1*;Sw)<KIo'\$MYcG<r`Z:=)*ft(R+tW82DQS]Ch/-]=]
  _C[691]=[=[]Gtw<t;^B\U9HW6g9NkEVv9/Hn'0SkQ^<GlM%d&cTQbsH^0[0Y@,\6[Q?p[iTc7w07aS\I1lbtMX'N:_fja90d1=_.Fc48C(]=]
  _C[692]=[=[2rt,dW&K.;Pc80CN,hZX)=9-&p'STQ\T^[]G\05U<WAhpaZv;*7J012`jP@Tkac#_SQBa<;<e$4#)'Ypa0\s?,Y6VP.+[A8I]=]
  _C[693]=[=[CuT<T(CfO\7h30O\<WlCAeWeL]fvatPAldH+<ZIWOWZnYFT'Iv'932kFGoJTb+hia&dQbl50`qjiD#Z7;IP;o*wnD(uplQ$g]=]
  _C[694]=[=[/;ReJ7[`BQLMYThY8Kqkhi]obZm4&N2SG&^4$%RfiH<2\B4k;)dwZ)0IWYr#bHLd4L,ne&CrF=/1P/l&sOst0%6S33qQ[j*g]=]
  _C[695]=[=[ot@,?Kkn?4nVR8+4h2@VgNUc/JhwU507+7?:M84,qmd&L89Y)ZVMQRsI^\j[g^n'O1Rk$(8[WceO.,OFO^8-)h[l=<4>Km.8]=]
  _C[696]=[=[UHlhmBCW$BV(=Bs3>0O9[W=vb#a]>i0TGQu8:v,vKHY*mE';1mQD;GnY)F+p#SO;jJ<v5<6Z-)atsg4^JBpEng\#6B@nfmsu]=]
  _C[697]=[=[)j$?,#2Xrsg.f>0vGjelP#KHl(ppt2&*G';Dq;1rcV+uN]`S<JQJg4o)l4<Uk#5mbGGF$6a#t)Gu3ls.L</^kfswo5@DX(TP]=]
  _C[698]=[=[(rn,Tg_Q]jLPR]442pc*KQ7cV^4aC4vU@T[ZNmk9l+53cA(1;+gG6t1RBC**WwS$E<nE9_qCU6H*XRK*3lkc^</+Eo-9p2e2]=]
  _C[699]=[=[<?8X5$;&0rPeCah37$UJ,Oi;d_0t8F0t6e]pA>dQ71;2afuYcLBF/W:0P1qj?dQ`/2jc-LGCGJ+F*VU2SL5O^M%1*kwoMO&']=]
  _C[700]=[=[JX>\bLN<ipMeF9eD]WW:.J2p4DPX2c+P.sg,m6ET:>/Nr0S+/6amO%g';3'bbPOOm]S+7XIE`Q4pU'#qoU:E5LsKrNjmHl3Z]=]
  _C[701]=[=[r&Dk'tas-U-,5@BPkQ(7T^gmia+i,Z=ga^<#EQreH=UXLb(A1J'jV0bK#F/XjZY4CaLc+A/MLSGL;p2Qm1TIO'cliJU]1v^o]=]
  _C[702]=[=[:lp5OHCI's3ZU9&7ok=J-YGa%BE2q3mVJjC6+d8e,@(e`XAD.nW.j0HQ)Uks)n$G&UY4`0MNLA)N4\k;AR]k<F:CKcqQ6kpZ]=]
  _C[703]=[=[_3$#Ob'#\=#$v/@+JYN8caeUv=%SX<6OH/L'hO[D@,hFFIlFQ<p],#hTQhDuGOv;Z(v/O\M/X2bjYGOv1a0A.<^P)qd2`=i6]=]
  _C[704]=[=[+I_*>*XCD'V'U&EWBrEo>Fe33ZgSg6A'G)m_%+b$cG@m(3$RGLcrP7jf]H]**R+a4u5Jaj:,)pCV9?mai-.@X^wfff`Q,U5]]=]
  _C[705]=[=[::=m8I/]%(rmAO'9nT%qb_RG7HiGMD,>m9Zj$qX73P6'C&\:9H82v:d8U>bcRN$VLq:?12glQ^OT#mpLBW4\X?Dm7UBDpVEg]=]
  _C[706]=[=[UdD5viY2e#ArmpVnPF8X-DFbs6<#@@`KnY8=bZW[XXK-6A9?o2LKid1r9/jXVGQs7kO4,5@U/m,3U</aXqnOKm>IG@q+?#a/]=]
  _C[707]=[=[W<#.d#*s?U.p&pD\rH]`CmgP(R]P(eXi-wrsC;K/9Ur`hprQR?o]$faTb7,]F4iUFYl*c]:S_]Puq1%UG=9-Dj8:p\sr&9U?]=]
  _C[708]=[=[kJ'M#f_[`5:^ee;A=u8(0EpP9(QhZ<MbBs.fto.^.tQU51m?FQdIB0e\D'D+r^-@FXb:Qfl(AKXr'qXjaw<KO$S`Zjge,Ifo]=]
  _C[709]=[=[jtgN187sJ`:,BJcTrYFf^V/FN4qH6V+U3st%'o_*,9g(/43bP*ujq/RY(W/=ooa<)TbcH&oje\K:>jI:Q\)jQH30a<rqiGmN]=]
  _C[710]=[=[$(0M6en\L)<@npvXh_<&1A'\qB-EZMcI#;DbWB25;YQEqiOwV4<0>f1YUc3FDhTaRAHKcGub;(ce\vL3n@XX:+>O\m'de''^]=]
  _C[711]=[=[aO;^Eg:A4fDTEa0%HIk/eql7(f8?%fXs=1.IM?$5V,2LIQ2*har%f/JA(5c98]PP>Qt^d,>,BdjF&*8NtsJ0&BPC9gr?e^_t]=]
  _C[712]=[=[+q&lO:If[5b9c:gv]]fLqZr%>MZW9NBn#DRk8Lo@4lj=Ddvs^aR4O#o4#+oT/vE[)bCh18MJK2XS%B>S4XZ[=I)3+o6\@%h0]=]
  _C[713]=[=[+w$N#&0XnlQMhV\G)t12@d`jw;P\%@,$&Uu=-XkE%/C(^L>L8ivbpMP^*K_]$.MOQ'BS-)[(&<)h9c(`HC9M3]-u,KU</@Iw]=]
  _C[714]=[=[jpdMKb6Vk_$g'H's<[22>127UO$]^j(Gj25_3)L7on@:C_[D[D0'.'^Xin2?GqP0/E8R.ck[N$748_.Oj9l4Y2:b58/d\9^,]=]
  _C[715]=[=[4;(r]*@9E.JY:>cNhTt-*stjm7<h0V?;6\R(6S1A`)D6-dHQNMq[-fT<p5$k?$Qws?8$QTv9[ki]1m'(udG[3L+0)?K^IR'2]=]
  _C[716]=[=[,)nXj&i?G,RP)LbamBTpln#,=o]^$rZ^C*cFdV7^u#stSTsrd%f1`46s?h;%Do,W:OrwAn$-46)3;dg^AAkI3Fs=>8FGHaUb]=]
  _C[717]=[=[>5DG-hfCn^ViKa9V-]O6^C,hEOo0o?#334YA,(kH'po&er$F;s\EAmDL\v171tP2sfk8R6f&>KYrSaoJhJw'Tc7=]7[a<9)H]=]
  _C[718]=[=[A&Odq0*G@ffMw*>)0YNLd2St*[S0nJPu)bnFOR[c(woH\Z&pC6a-@0+ei09Vf3g$CKQ-1e&/H/-O1M5R?:s^ictGh*5S;3Kp]=]
  _C[719]=[=[`c7C_JUq+KW,:/X]aDGuNMgH07/o)F;aI44Wm3b,ne8Sp]K)alU\BGr=DHmB`s$OT&,=Xf(C^H0D?m08*MF*0t$Hq7NvT3g@]=]
  _C[720]=[=[2BC8:^06=b'lF$]0buXE_[lm;+&>&h<%Qw%(m$SPm8fDE13wN,G)q&Qo0mU5goXN3(j=:bJ<lv=n+*V79Oq7)@JNHDF0iF,d]=]
  _C[721]=[=[Lj,95h,Ys,V\k&$qYI%o&q*u,0CB[h?/^uF$@2:sn7*E/(4FTo]q[7Kfo*T>?]T[4K`m7`7XBFEbR%gW.b=]VI2>c)7;n1+*]=]
  _C[722]=[=[.)J]3=u=>2+/D8Z41XE^brf5%4ER]%8`7C3m\*6Z%659F.6:qfP]q%2qi(wS0av79FCw7Ji_p9VUg'UT'Rc(OZl&B<cMo7%K]=]
  _C[723]=[=[KHb2'DQa*67%$rh_aK#IW*S;r@$TF%#jTG@U,Y5lB(23Bb1TlsiuInX1Oq]kwHUb6UjWNbYHaEFKT$-GlbA@msXtn^TC6M)h]=]
  _C[724]=[=[Zjp]q;2N8c-H^ibk8e]e31NWJKGrss0b\.4-mSI<N1h>J3bN4?]N<3D6`luKj=u'Ub.p_$g(<@$U&C*b,K4C^A``q(bAV6kN]=]
  _C[725]=[=[I(Nl5/RD*D1oADN`B*:cpOKE0[I?cL6bF73QRNiRvEQuvG%kdmmJEJNo<DCU=s<Q]Fn(eoA[&n;aj@4FfIT&&nf^NE347,m(]=]
  _C[726]=[=[KjKrmWBV^18oSP7)SffF9T;Q\ig`sl<J&4sL``3c-$fUohvrZWB0[Dl2W$9#pHhG<`LuCN)#4-[VB.0/dhW+`dM&Un\tLt6N]=]
  _C[727]=[=[v/[*#eSjHs?/v.j_<O4N)hs;[*>FL5R)fn&Qp(fIo@=J8@*EY:+i.K/rSw6Og[3r`Nulm?RR[v]jU_%jk2)n-u^?+feN]N)H]=]
  _C[728]=[=[6$PP]NjQhe\YT81B`_(ebqw#q5)Y_d4>Tq=K%fN0Lsd5F&[>K0]@C<(nOw3u.#ai2c\Us9/KS#U&`^WWg?<,>Gcb?@^Sh]B0]=]
  _C[729]=[=[75pS3;N@X+akbH6T_Q^4R=.qlJ'q>v&AS0%LWU1gOjF/*'(s+Y)`?Wdv6_*MWoMUtnKU*f#sXRKkZ:Zl5Lq\%/MP7=O*PE.T]=]
  _C[730]=[=[;26SAF>#ZmH<O?F89]oQ>dVu0P6+F6PkZ6u@bFf@$ODV)o<CD1&%35XSkI`Iwdc0/Ui(=<^O'[&GXLZpiMv^g2>MJ4_%sb[t]=]
  _C[731]=[=[RNTBeWj+M:'A6E&%tr@mMD]&SK$45dj\ScHMYruIZA@8*.5KZ*i'R;U'>K]07vXO7Jk=;TfVF7ONVau8W_#tWs8ot,J>R.X4]=]
  _C[732]=[=[=#HG&sWpDZ\==IPuNObK7TY,IwkXLd\f$sUPYO)72w@%*,:Sblh41n*'WqSY[g/^+YOH.CB;;\@GDvar>u0ft0MbsF(tSJLD]=]
  _C[733]=[=[=Z[JP,eibFswdG0GvFJJC/6N\3c6HCcDQpCA4*TMrqDdKqd,QatW,67vtSZ;A/L3XCbvp7MFpo3Ais+ZHXc#BWnRVcn`,()@]=]
  _C[734]=[=[%&UUaHA;J4SjbA3*[_R=#KQt13(q'H/7c*'ZKHWCcpm3#:GDR2Zp0M#@(F:02LM4`N^JRbDK13;,?+i[mEj>GXI9g$3fq()?]=]
  _C[735]=[=[Z\ENEoI^-T8==QJqqVG/1_TQTH_=HI,a1MsA(G1$P=\]RCZOKO>Tq4=ET\3i^Sr$L&`_v\S7C0VTY+?;RT_\Gl;lZPc`4D\m]=]
  _C[736]=[=[Z'<AENBPiK4%Ob@$Kl?,,(mKHkQr9J-:bbrKRtCBP)NLc_Aco65H^3dXOStt:==P@pJOLirW/%JR#C+s>8Y(]%MdtRJqw4h*]=]
  _C[737]=char(57,53,56,55,46,99,85,106,93,61,100,91,61,98,79,116,69,96,104,70,81,45,54,63,93,81,104,113,105,81,46,109,94,104,94,114,93,92,63,69,92,104,118,39,85,59,85,85,103,80,84,80,114,84,36,64,45,83,97,78,49,86,57,101,47,108,38,100,109,115,54,36,116,87,115,75,77,82,97,108,43,95,44,109,55,37,87,36,37,78,117,69,70,82,90,75)
  _C[738]=[=[3nvO]jLNGPs+HUfK_P]vYk>FPN4r$Ot9PY;Tr_`5IE%&aXe^V'IF]P(W``D0+i4u$]ZIIbTje;?,R<-b3%cE+aI_g9u6Sa-p]=]
  _C[739]=[=[],5Epngq&+^R+vFiIGp,Ko2I%DMLF2ri%o>.@K[j\@XLC%`O2jlHm-,5X?,sN\F<UuDMos7T3b4M/Sse:_he@^n.3fnD'>Jk]=]
  _C[740]=[=[h431,#^0meGZjLGj%-AQr*71I(O';vs]VFMkEYqBCH)^aDC_dWKpNG)1*M)[P[3#U;fHI,=OetRp+1qNVa.+?'Y(@p=8f3@Z]=]
  _C[741]=[=[s0Jh`;f>WT+FojWOa\?YoN-af5t*<H4thrL*rLnN%B'e.k5Z>wIdF,c=XOj70]^7J)P[585)AQ.LH06p1N<w/YND9hotRAQD]=]
  _C[742]=[=[6dm6QdXDPK%qAm#XMdLpf/?f1dmZvMESm\9;_\O*R$#?;,0Avo1[ms]8euUpB#;G]'t>KqY^ouR^gVwQ^'9^/(?G/m_hR#Aq]=]
  _C[743]=[=[(@gn.I[hJt0QCri6-.`A'11%0OK[@=*8fM><A\D`.n)dl*K+8UD5hJ<.4Y8le)L`tcQ-lm%,Q<gfUYN$_ifAL@O5^OW7qPVD]=]
  _C[744]=char(76,116,99,91,47,56,76,38,36,99,111,79,96,56,85,77,53,100,109,119,94,67,43,92,44,73,84,107,87,116,36,47,52,69,81,50,95,106,118,36,46,111,39,68,35,85,57,80,49,116,112,112,88,104,65,104,47,93,78,96,93,106,81,84,113,101,117,106,115,79,101,101,58,64,81,80,51,93,61,60,57,84,104,56,47,38,105,83,69,74,112,104,38,111,113,56)
  _C[745]=[=[X$a%r_9?ObQHne@(W5[EbD(U:hA_*%e>N;R]jqc5OJp\LhEY8k$)BY#E/E_Ujibo&@pOB;5Y@#c%Fjb,^:Ah.5&eZ^6kpS>M]=]
  _C[746]=[=[L8weeJu-POHS?)BmEKYwKIn0_Si:LUN'[?uX7i%%58R?0]?A;HI0NcHPMXp@fj*Y0[E?Q-dDt>pC+muDP<qVqNwtk(b`RIcX]=]
  _C[747]=[=[B$^IiecI5(if'Ir%SL?ot[f#&w#^P^VC)\_fv[slRZ(+/>49d;h@VMRR+/bP<uj(mX.BuKHh03[b%n`gMY[/q:@d^ra=$HFG]=]
  _C[748]=[=[Dnu1R.]196R)Cfocf[?e+AB2.Mu-f0k#rDcs@d#UGB6@C#6>Y-]1H8c-@,#;h^`:eZ16R1*w('klA.^s?>)YB.@A=3%FH5Dm]=]
  _C[749]=[=[NF#M=[Ejf0$%/6J[b=.u26\1O?c-UM5t\UPW#B(\a@3%a,wmUw<SjDGPLBK9HtB\HIY]%1dnOjAVKoV2[03b[)i#AiWl01`I]=]
  _C[750]=[=[0i6I=+p3w=B;/PJ3sFUHXN;93mm.&EBF2%f8e?spJieCeQ6/?@6YdM(MI+I>#r9ir]5YW3]Sak(O6sUgIM\n@7bGdUX#-9p/]=]
  _C[751]=char(87,45,52,47,77,98,42,40,96,66,72,52,73,98,99,79,76,49,45,100,35,75,37,40,76,82,78,60,77,70,84,115,105,59,79,105,52,116,97,95,61,105,58,53,98,60,76,101,91,103,41,66,103,38,41,66,42,99,97,92,45,93,61,83,119,64,54,73,73,45,53,96,77,38,117,61,66,92,65,63,60,83,69,93,106,82,95,113,111,84,81,56,95,93,103,38)
  _C[752]=[=[g?3ld'emu@GRB05Srlk7kd;0/uI3N+q832EvIp12^bJM6_Xk>1=$#rr)T`jiq9HYB6Gu0%M\[s0AVqVUO0@Jh/k5K=WqZ9l/]=]
  _C[753]=[=[L1`3gQ=+Ogcrf-`@<L6n/5Xf6rh<7LW>aK;TYu(I[X=boDH%DV.D@Zg5Sr*eH%O^f>wYmm^@R$158#7FtU.M?n3p0)S7<^^=]=]
  _C[754]=[=[?8H57X:Ik>Pv$0l?no?JM@-\s;@P9Pi+T[JkGqRu%SDUD_?(a_4&d8>-/=wh,(f^'R$Ln>Ke^:,qRm441E-2U_PH#F,h`3C/]=]
  _C[755]=[=[/LS1bk;qFf,6Z33r34E6R*$`s>7had5rj;/PrSvXr)J;/g&Ws%N&eA.K#I5Kg9>[#[J[w/C/VOmk>HW'$bl/@uoiXw)[#pbD]=]
  _C[756]=[=[Qa?*&FQpJa4m6(f[J&cj/<?2<_`U3K0dLcaXuPoQiqbVCf=uY$hj:./s.WikoCO=r[TvgBe%3g:Ug;]N$A%6e*L6/T7llpRT]=]
  _C[757]=[=[G\-HN(9T7k#?pU8j._lu4tEM7n`?]f>ICc(]lIgrcXVLKLpSQ\VMmk5FGSQo1(K7Z5$*)ZFuolj]*KitmZjJFq[dOp>qA8#L]=]
  _C[758]=[=[ta/*<Uqi+JVPRs<\A1PH'+j-*M&?C_F+\$=k(HU70q/etQ@XUgV7:cM<,oq@En#>s(qI%7M>bV>NiUPKV%S04a_t*gG>[BPm]=]
  _C[759]=[=[#5.Dh1)iC4tl7<c93O*Wc@_47HKqqQ6]JR+@D;OU*hYw%T%]D&T0<2p:%gk2J&Q2R<+QLsH>K]g7LKX/gih3#5H%Ci)IKOgr]=]
  _C[760]=[=[t*':_6Ter`5.5N^;&JdrErXUAgl)&c0%YwI:9RNsirsPdOfG6L>.emB^:Kl07e3&=P5an<bq:3(+g$j-=tR'sh@CD`k\fpcw]=]
  _C[761]=[=[K>cm)'X0Do[vm]F,'K]/M^1u*d[LGMl]0J3[nFIn^A=>j30g24s)gYY.;iC3ahj,dgwKdos4?>;N*2h&CN<h&\4X#HN:D2Up]=]
  _C[762]=[=[%4-g[b'4<j[HP7F_pe8*lA<S[h9uY79ilvj7n70/sAb/Z8.O[^1(E5Yt>1,pe2_wF1'tNHY#9#&Dm/6pRj(kfh=XA8)lWK+C]=]
  _C[763]=[=[8:V9]tGn2=\bMASVR?7XL2jp_(gCRu3=D2VZV=/IJ&+V+[h[n0cjj.VnRw1qlq1p&5+#Y+YaiWdkbLa8;nGs@o&0t+mGuTc@]=]
  _C[764]=[=[<o[#^/-2O^3i[ct+0O&9-CrDb_hR>%n::?4(n@/Fo2PW*kcIRV/N8IVbwW=_8K$0-e,cHs,\_Yh&kH)IISQj7^I#Y+1wERM@]=]
  _C[765]=[=[Vk7&oCm9YF]ndCIEQ)vVX1F[./9+1B3aaqu%fWt?=TH'=N71)#^-U5V+H+hQsZFO.iKQ]HaPn&R:I4k/#cB\3=+scaqlYNS&]=]
  _C[766]=[=[?e#Pa*^#$kke5JncfF.1AAl*DYj;u&(X=*CFeUR`/Cr@'Wa9g_l04v-9$k68b-PiLS+j#'06jXv%16<[i[#Zog#GUTki4G_k]=]
  _C[767]=[=[$v7'?*Tt4%kdn(_Z9sCTD*bRt<^`-o4(2w'1:5O]-7l&t0^BD^uYuVW6`K+I>ke(.6;\&`*q5o+\a2L/fNfCCY;A9aXU3E&-]=]
  _C[768]=[=[s](Z3E=b&[FhqPc9`N8S&?aOC5V7+.I6SQd5$V]4t):6S\i+aJ,=(Kp9q_r<'m2K6:0f9Gt].=3kJb,4jBHZf?P@S+MDQMD0]=]
  _C[769]=[=[udsW1pCee+_>q;dec$Cnt6D[pv/@vj*J4g`>,OLe\$\juh?,IBBUh9s1\n.2]+N8jbN%E&E-@T@t$^YQOPeZ)Th&=K_q_d'D]=]
  _C[770]=[=[WpNe=L-5$E`)/.j5ZAk_dR&^,Gf^)A4#Xkp*W%XF)dC2CPcT%(ZNJ:B>K;%;e3FURh]LTXS\e\m`I-ZW0+VJB@p*/g)dH>H?]=]
  _C[771]=[=[oH%nZCt*I\+H9-r;60X[pNHjv_nsqbSO0:Za0bXappP?>I]7;I=1Ocp36#E98^^k7`t[$+QEr[MjgJpq)Y2f0Eq.E@ktVfZ@]=]
  _C[772]=[=[KmL=Ge@$e5Rg[GW:_Fjn\;#ZQ';d$i5BWK&wj9[L4Tr*$$%GRC>p-j^q7f_7\Ds4/%LV[1:GWKnD$5-Zu'BG@Ui`49R#WDG)]=]
  _C[773]=[=[bP;X#]H@mpeI23Tg9A'tGrJ[:D?N2\V);:p:u>K*Bn]sZ?)/S#Q0Z9$n`Y+NJ^VB;<V%J&CW=7\iE^pSV3s'v<)V12v1jh,7]=]
  _C[774]=[=[w`9cY-WacFl+bJ;SkbsSFA.pLX/X,78s1Y^nWZ6`tGqOppm&h_+RIba3l=?0FKgLKZ5bXmY(t5@-[hOicePR^J%D&:/dtvdQ]=]
  _C[775]=[=[NLOr&l.X2.LMV?4&B8sQ/#ZnJZVM-T+?^(vuJ2QYD3CX('`uo522X(Xqj^JgugUW)WLPb4^eL9m+2_Hs?pMXnDb]mF:Cgiw`]=]
  _C[776]=[=[RXTKMivK`iV`WUr1[Bs#]C2#0'RNhA(&GcL\5p7>eRs`lFsA]hc,Uh+JrSk<J.Y4#;c9o>h`;Es&ls^/3*G%pdgPDU+U[oQf]=]
  _C[777]=[=[;6+d6F%=fR't[^tvIuN?5qM'RMK'E=Gctci,+X)6YbIM7OtsVXhZJAkJ8:RVDX?WH-%V^`@*_GS?W^p&+q&1L>2X5\Q9%546]=]
  _C[778]=[=[gwj5t$khb<9mbQ4L&?ju@dO?e*UBs#(aiiZZE73:C&KN/qQ1:L2tot,#`o%H>C*ecXv,G6$?UE4L,ej8wGB6jt9#/(0IkV2j]=]
  _C[779]=[=[)bD%\MOLvW>TRG)GmRk6w^mcA`DPYBLB#@#(/mppZ>N[uwdNB9hP]r26[.qld4I'E]#qRrZqfR6Wt3tWmh'Xh+;0PfVuH.-*]=]
  _C[780]=[=[ZqhAculpv/<Q2;i`q18FHH11s:-Cuw=ZIo\Kqo(NK&0;v'dp<+-4mK%B:nNMEgtv5P(qpmmO5'`P\bM$Vf[*n-'N'>9O;[_b]=]
  _C[781]=[=[CA%oaT::^cNL1YQGa\WL(13?5\FE.w5Ww=*GT&q+NW[#I%KPqH-?nXE'=Do0HnhuAcNh8Jh8Z;?5bbq/-4-BYP3@g*Bv>>o\]=]
  _C[782]=[=[(N)cOIrnuX==OoKUI;FL61]235lSgXC3rlIa)hFUS(Xs^^HZjA<h3qn]WU$L+aKT2PD&9oU%XKZUh4O]*1JwN7q[='j+vut0]=]
  _C[783]=[=[0:L6$UPU3J[TDcSDBf[_gl`.S'Vt\$M5M'UDHGlR6=`7(6F4>AZG(a+3]^A^$dsTpw4VG0fIcRh3PWsd)p1U:jTQhb>8*-qN]=]
  _C[784]=[=[9@O8lRpfg0l:@I1UMFhG5P-3(j-XpL/J0YmS\WgLE5DLO\^7)l7jM8Eoe[.tc\+Fw%;D]c(_+@EOIY_;ZEJrfCOW:h#CX,W+]=]
  _C[785]=[=[L:^u0n*hi9%H-3;-OrG@L`Q8`794%/g-I]Pk2p#JEMeNdl&6gQ>=5m_8k?opfBu+wbNY&#os$+3Ag(g+_H[h?G+IG9\jcKL1]=]
  _C[786]=[=[-2q7fn)9gV(bXqvXf;*[gRFe*LtgY'*6B.gDm>RdST*C(RKOPc$iitY-8ae7dGbSs$oiIPS_Z=hOk4R>Q%F_/c2't(h;6-^V]=]
  _C[787]=[=[@Qv5'7LEkV.?0`#?-G:'^-^bk_Vu1CdM+^,v,QV0=$3%pk#vR^9]\UPNQf],:?FE2bbr[i,-dRCEFb,M[fR;5VEQ6UD;6f@d]=]
  _C[788]=[=[26i0X^F]XpLcR:vmnBWY%i.o$YMg&$CD?N256Z]T[waX2Z-[pn#8DHPI.rnJ4^Y_Ic`hU7P@^eXpia0'A&w/&0&h(6ka\=r:]=]
  _C[789]=[=[AO_8vYf`P:nI25n%j?2+)XYr8%Tn]QvqbKdi)YS8c9Z-TPUr0XFD,>N)^TZM#GZ_5ZkE/w_3kep2q[p8rVE]fJl6&A;TKLYj]=]
  _C[790]=[=[9lX/h1_A:ONO*]rkfXtF/g:c/\[uQ2C9=>jaalrr1h*nAc@Z+`1_p8Q?-`1&q>>PZ.g6IW$)I:Dmird%#e:6jjCO7SU9HI$8]=]
  _C[791]=[=[H:Nw(>^]S+eRa`v,&kF+HLnh=EHT-nO])85=DhXCR&D%5Et@XCf<%R34]v\;UCUcQKZBE%VSrj&I\1etIOac7=Y%[_7qKNe6]=]
  _C[792]=[=[f(I#-6_KcKC(%B6_a\;MRRpZaHPm2Yao6m1RJRSMo0F?r5;/WGsm\`t&3cMZ,:rdT?oo&1hSg,Ip^iJ%GB-:AUUH^%#43?5K]=]
  _C[793]=[=[*0F6K8gO`rbW;Csv8kk>=4asqUUL#SkoSS<0\5kR3fw.%tb#nYYpJgl+SW)3jXOp23Y0GlGK#]C#3umX&a:`21BrMK1lY2m2]=]
  _C[794]=[=[q%'Fa%GQpaVg,Eh*@o/s+H0=WdeTOme4<NPtCjuJ]OlfSaTM]oocePMFZVd^vEBcSsg[Zr%(KD:&QAX%B\UO+'V%MtnF<B2o]=]
  _C[795]=[=[rt8=Vul_pSEPlrq#/(Yu>LaK+vt>rMpOArHsMK2+Ms4o(tB\7XaM9>@j$f<ga<=k'jZHr@'FU`Q*F,`V>q7,=/bO?g[@G5tW]=]
  _C[796]=[=[FGm`k,_Um#AfW6b\`RKP;o=uh(U4dVMk0r[KWc5pQB:^G)X*Ri9%#h,V1M_JEP9FY>7KNZ211dKS+.Z5]5>N-3\/vv&msq[.]=]
  _C[797]=[=[3_RYskAWud;h%YT5Y;O;`&TEu9XwsSAZGqMemQQjln`*1<B&(P7%rEZqboKDtq.a;QRT1W)+sCHdS7BS#4?W-'p[h=_+YRe7]=]
  _C[798]=[=[9llpF5]DUoKq(Jd'4\o/0[2i^H('^:$MZ1Kj=%sG5qifQfWQ?WrPmb9^d.BGTW$kfI093Im7lO>`qRO2D#/b0(hZ68NM<Z#]]=]
  _C[799]=[=[n*R$U_=`;wY@)P.wgpKZCp(.=b]%eLI%r1hGMaC^U7UErHB4m+H(_f(/os,GXQNFhav<unjtG5cu:b-u-,AegL`VMM7kMA@v]=]
  _C[800]=[=[D.HJ2>h>u$,UOw1koR;k0ZoEVnVv)LW&'apJ52KZ=E8[B@$c7Yei0D7(0UL6,]gj:WZ)%mXjf=CW^k#dJ^%Kwet?wA+Q/q.D]=]
  _C[801]=[=[sRD9e_w#u))QW%vJDN.%RwYBq<)@cTHlgO[M8.jvoSi^ft64#%0KdfAHI\Zf3c2>%G?_i]KIHD_BEN;$1U7['PsDAG=^-'Gc]=]
  _C[802]=[=[(^(ni91+-5:INlmF++AW>H=s(JH6fR_\ZVPm$BSFAD6Kd%nSR:WJ)r_oZIq8@KwK=Uc#WPMvFA3wr]G7$wc`K-_a&t_Ow2+=]=]
  _C[803]=[=[9C4.-DVFHldZv$+g-7^Muei3UQ&D4+;;t_YmbS76lockVsoH#2]SbcQ$pAfiK5i4N9d.E[mTe'#gve;SGaK)_9TL6g3GEiO]]=]
  _C[804]=[=[,\6JA'OpY0efU1d<M2`_oSa_fLo9WLcp^YwQ#UhC[IUnM%/;oQhsS2weJ5-1'mMw/4rt(LEBYNo[HZTkbG7dIe?s-5D6nbLa]=]
  _C[805]=[=[B`9Pr9mAAJZ*Ma.,9R%jH?Z_,#>v,fAl9blqWY$4r=T-AkCF%a>$H)+-ZA[p7Ga`vMca'#^gZV1NN+I2V_AX>]_J3ha+#Y(f]=]
  _C[806]=[=[Zthg)HAgQ;TPQ/bISG.'dJ;YoH/tG>ahtv%C/SVcs\G:w,trnQ5BD^jN%JW2U_ho0JO@-Nu'4<]>obY:ib<v(fCJ#oNGJ%r;]=]
  _C[807]=[=[GgmElkf%;93+hPIrRI&t`H'`D1JlP)roaPIdtqC?HG/,\8@Vub3[<Qlt0Wt+O%?P#Bj<,Fml8l8afs8'igGLIpiFfG7G/+S4]=]
  _C[808]=[=[`g8U?S&-i'2U\:l0EmIwFT/]Rc6[r$r[5%?F[WM4iKba(,ael''?M<V<`3g>oT?MF_/8Mn.lP@@e234B8%%rhU0.f+L4JV;b]=]
  _C[809]=[=[:K/aogI_$]:/=&2Nr[ug@eV]%HV'+)In]J6W.l)a\>qJ5S(8G:GJHZ7i&Dl%T1]++?B0G<?9'cVjTVNi%.qK14iD:/+d4-`2]=]
  _C[810]=char(39,49,75,90,106,118,45,88,116,84,52,73,43,116,36,83,84,101,69,94,111,66,80,102,77,69,103,87,48,41,75,75,87,43,89,91,84,100,49,85,76,100,40,86,114,77,47,46,55,86,90,57,89,91,91,68,57,64,44,56,81,36,78,116,102,46,77,54,113,92,51,69,60,36,72,71,79,67,112,66,107,68,83,48,79,86,85,69,115,55,65,83,116,87,96,44)
  _C[811]=[=[o*%$J27S0M:ZXhjH>%?u=0mi^b0)C1OK*?5Ts\j>(,_UH#d]H<l?EQ$b$7mED$wur)n@Y*7eW7aKn(k7+H(B6T\'Fo6Zu@SG]=]
  _C[812]=[=[wOhUV1h51U&TnEIk)tT4f%.BH#tA8?\ig#MY8`vPTGip[Y*<<lgvoEUoe%YT3[+<a\C\@#WV9h_cEvb#V%^itQ6DTMi5ew0b]=]
  _C[813]=[=[m*@IOR>%/6AYq9Yn(VrPWIVb_X6v&\;_FCdeJOaSNcrKd_`4%Erni=vkas[5Io\e)\2@ZSP3dbs1f'M8q'YbQb)):PonUO*']=]
  _C[814]=[=[_^JNM-M?(Sb=rOb4B&5kY8gUejDm'r,?21&6TT_DP)SjO-(6oP*E$*UTM>pNO9Y2'f48Vm:je822'C8RbPF`O_P?Ql$%&*3#]=]
  _C[815]=[=[5fZ60c^>m7R*m&kDD+M2/obZne_:SwGqhJOWXrZ3b3UuEMjuaX_e&/G$'[?#2PU1dDi.m5?T>IfD()adIM$qHnY$gOYTHvUw]=]
  _C[816]=[=[07lDTU_LL2GJj#7'iP>\jp9?qrlKPTYC);oPI2]fCTVac(pRhTtta[AmiGW&jE*jh%Klq[2*WdXf5+$t8HhUvp6O:^g<jR/,]=]
  _C[817]=[=[)vw.F.\JB>m8'uFKgNTQl;I^dILpO1/>_jUA^-g_^2aQEPi19lsn&#L+Roh8cW::]Np=j3Yai;E/E:)[hAQ(Sf^>Fi8oT.@e]=]
  _C[818]=[=[&3W`Y#N2@/7o'6F6rXpMsTi6jV(Q0jhr7/QT)'?.#'QRSRG9X%1+H31@RCN.n_D,e-g_GMh/+]*F+A7'0MFL,K0LW@n;l@te]=]
  _C[819]=[=[8YJYAEfPE;N6Cgk5qRai[8$cC%`_Yn+Q@pM@5qes#L)VEFejeDP_01EiV#VP8waAbUS^@<0dh7bK+gbQqJ17wsqDQmXFFOJ%]=]
  _C[820]=[=[s?s2r0E)9Btac/&n34$*%)cUE=FgnnaRCUuF?F^15Eki9:]M22M-O$VKNF6eN`YSIKii=2V,c`,WJZvc(@,f]VG1*aaV3)i1]=]
  _C[821]=[=[RG+N^Q@b;BWlwE=LBin2<W;$MLso,>b]cOr:2hVOOLmuL/VUnw?-tPF,frUPco9p1UF0Q`&C2%?=6Q;T``n=1a%Radd+%=OC]=]
  _C[822]=[=[fK;h8irq28j9C;'E3+TV2J+i\-tvCou,hvHw$X-*KB+Wj'>Yt6;._/-_b*#$l'+FoA]6D&OpOpdqP*Wm3PpU#kN_*JW.r:U/]=]
  _C[823]=[=[`(kjoOW-*>9%<D]5-Yru_a6hB)?3]bP]\6,aHtW49C#qPUUM_UvW3?%uU%Vv5WWFqB15b2(wRZ12Tl](C['YK6TU*oEM\njt]=]
  _C[824]=[=[(;6iM:fN^RXg-c=t^U'4fcJqp7R\WC&??.>Lv>FiLj9D=`?<PDVW,MN2up@Qdw&&hEb[auWJ083w*'.'?Z8<'>N]XH1@'(4u]=]
  _C[825]=[=[)W]wavnn3jgLRZDW^*tQ(*KVY[bARFeLRQoc&0?=l5Z[NgbFmemUl,l;a?d,Gimh)i*utq8i6E76'ZB0i>WD<lH,;1aQNqDa]=]
  _C[826]=[=[a@%wKSF7%FYVF<TbebkNh>3(m(aE4GBRQKB.>;VrSS&tiOUBs9iM=;N8V\,'?*%8G[\.WErCuTuYei_qu3#g8#k;$'<=1Q96]=]
  _C[827]=[=[Ucwl.*6v6Y[EH=trhiP@#5OKrfjr;tYB$[51D^C.@?EA\Xkw9Awiw_O&<ol=3?PR(MZnm_>HK5<eG,`4cpC$A\mD<`s,9V3J]=]
  _C[828]=char(58,66,68,82,44,100,107,64,112,46,116,52,91,109,91,61,108,88,109,101,80,97,67,102,90,44,104,35,86,91,76,79,87,61,90,110,105,52,98,35,86,81,67,70,111,107,41,80,46,67,69,104,45,87,73,35,38,88,48,90,53,50,54,100,97,92,45,74,68,53,71,43,109,74,110,60,93,61,89,52,83,98,75,104,37,57,101,86,38,47,66,51,89,52,51,55)
  _C[829]=[=[]d24YiGXFF97WX\)Va+)@0OTJL;KwSA'5M2-=fj;dU4(NA'H$Y]qH]J(j*+pL\$*K-7O80%lUs0^hNI(KK\Qm#hB2<d=`f%/]=]
  _C[830]=[=[L:An/*`WM_0>4-(k&BG8o&w[-wFX4h4]I6KWEZLtoMOEXi3+/dQG4;F@/5^3??$FnhebTutE7GF,j-($XJo*5t'QD)QRsBWm]=]
  _C[831]=[=[Y/9N+ipA':)2k&+PI*8TiLv$[j^s+[@4&_aS-/Nb,65K+@(k&%ifDsC6bQ&#3PMeLWLlTG<n;HWu7L*k&g&h*dBO?14pl)iT]=]
  _C[832]=[=[DuT^aPA86cY6[&^PgA4C0qOc3X_LjK3<8VV+.kc0c^leNoD:c.iCIdY%o7kr6GS.8S/'/as69Qcb6vvsSe_El.o_&6cGRNJN]=]
  _C[833]=[=[ZY$_,FYK]3OoQe%Fr-Fb2v6i&:D69iEhFo0eUj-\+O](&hj3s?HCAT%_La>.f]>2nC:U1:HhisPNd;=pwDsA<R#+eg?H+k8P]=]
  _C[834]=[=[(E==dpA8_[5gpEY'kNEqk>prSD&O0e0MR7W,k_j$mI2ej]FkqC(OEc=0Z>frvK\-K]([W3,)mJUXZ7?02Sp7+Vjncm&9(:lp]=]
  _C[835]=[=[8SZLvm<aCD>s0O9N(I/Ts/)jMjG>PtY=j4=4Crk+/I5gY3@.?i[8SuJM=-_rB)woX)I1X[==O\7@3PDIK7e5I/?3b'PR2G1-]=]
  _C[836]=[=[B'a,4JO5Vwb/N_mLVqU*Da#Xl0SYn?:+2L(o$@F/^$m\1;kT3&GJ:lJ>]KQ4po)qYWNcoFBa:?(@=2+IoIPZ^FN*p=o2nAib]=]
  _C[837]=[=[Z5ko'Znuu&V`'$d`t`?&WXimI\1).7]:6c+]-IW;LXd*NtN@J0Df:6Iho5g'nu)m/kW)2Ku[]jlDm)1m#@/wr-?Xvp=TB.9@]=]
  _C[838]=[=[wkl'peIp+dXZH_Cb9#&deOq(e1p)+4hC%VuwF>ODU3@kAo/J>\0m85#8j,.P0hAHcBf-VUC\e.@4&+JGiBn2.PwDH,Q?Drns]=]
  _C[839]=[=[C`cWTfB5r3)^N(H-@f22Y4siV%A+jE_j`8NkpeGOW''^e_OV#g%storT*l':gp('&EH1/fHmnkBM,?6U.0BF,,,>K[CIoP7g]=]
  _C[840]=[=[$b$BP-:X@%@,-fvDVC])Mj645&[E(-+MgGs[>OD)0XpkD4e.ST_^F*QkbsspU>vsk(Era677'<u_Ms6\og?8mi1a90glbZv(]=]
  _C[841]=[=[E[l0ieaJ/min0?/A:w8cT@pr%5uVYvK1O;KFaF=pCo=Un44?S8c]cpE1CXs$o#^WCa2H'n;>JE[T[G`0lH=V4#r9'/KG)(T[]=]
  _C[842]=[=[/?rB3>9I5pS=EBK/QRm%L%W?4Y:HZ)hX%?YWU)m-347Aj.Epq&hh'\1/gY2;7ft.?P`RJ8X?WBUcWLG%uJbk:u6B0gw]<'4#]=]
  _C[843]=[=[43MpDPm5@,%-fXf][/e8<)%3ptG)PYQADOtF7/)6#(57WS*6*E=q8N[1wD;C.1Ug(Fr=kHdH`j`13&GVuTcsc2se3:_P8BC6]=]
  _C[844]=[=[ZkXv<W98KT:O6\lg'A*cgtEmr2Z(8DS/1=\R0<,DuZ#6t;I^U;0wU1p#MZe.(E>7ElL-_*-OW:o<)&:au)?HEAKa6v:m%^&']=]
  _C[845]=[=[8+)Y]3H$`fv(b$TLW>D5glkDl<DtEeD$v'9p&3@+c;SD+8<(?@d_e3oNH\PC>+tU;<RZ`=*Latuq\M<a8^]S@,C1Bc9@i=gm]=]
  _C[846]=[=[?#/'<.m+Mr^io<A032s7=2n%k@p&S48rRw)+fDpU:#ZQbqT4mOG;/)ZC+:eS(aC\dqQ-aH3:Q*h1o+_1_;aQXbE;[bGgLa2G]=]
  _C[847]=[=[QD3_'e_>wn$EKE6Gw.`08oVE=Dh<sU*,\r/)%nsh,Na2r@+S)&r(I(H<TQSCD4iHP6Qa.sA1.>Q>Q[9pS'_:$JW?Yh54+-'<]=]
  _C[848]=[=[[UwIi@E=*\YwN-4of?KhoA0;i`ZE<KYbgajv>eBt@u%JWMRi5V61IYQ?<Q#?jZ#gi[+C7nJJP>'<OTW'()Kkut+Ua'FL*gTX]=]
  _C[849]=[=[IV4UTrL+_N?0f.U^1p54-8<56b`>'&)&+JL;O>ojsE%eJN=1I\kJ(AF9prSq8J(L)gGl+>]pKA8spspZ7.Gfr(6Tv.JHj?iQ]=]
  _C[850]=[=[Wbu_C[JUq_u=HD@i>tQ8`4/JQDMuWpf*#*dkPJUIBMKC(B3%X8grwIK\)G:B0NQ7OBjrsusbo71/24(LJp4A$.@iB,qs/+%?]=]
  _C[851]=[=[n])\7nB$u6Gmf2l4;O?*g_GV6Du*@b60<#K>Vkb9;F,-nc-Y+@bn-v[27=N$[2;OVRnFQF_TASCgOg:dqr@f595l/.[FTKjm]=]
  _C[852]=[=[H9bXn:4HGFJ)k<fBp-<N;=*S0-wK>&7X)gf9&(iZ_sn&rlsu2Bpcl*QQ4@90)oj[?E59g@];7F9D/$.ja]W?nBk3b).nd/0O]=]
  _C[853]=[=[69+I/;]B2LN6FS577>Vhe1:HIq[-NTZV,o(gQ$pVb5Vds1]C@w5)Dd5>Ro2I5\moVOg9PHER8&'FV1_pb+F:gWB3+&to/GPK]=]
  _C[854]=[=[1wWo'g-$7pkqT/BgRb0Y0'6?,6J37m1P'6sYdWJvQUE2tNc/w$Dw&vbJhN77:N`]u>9:43N&LT^QKVQ+UVf^<'HL:n@,l/gM]=]
  _C[855]=[=[EYr2b.ShN8j(*jZh-Kh_I<e,G'Vd7RkA1WfWY\L/?to'Z1t(ld/N`V.E/V5Kv%^7;a<B8nCcXt8Ro:q#s0TA=7htkb^3Dkwp]=]
  _C[856]=[=[aZ<v8DUX2*/_p.d@A6MBHkt[4m;I>;IKrXVU\oer(<12S-5i];Mm.OCE6A:Wke0<$k8Ogt43&)kVcXe*eRQ>q=AJJHDHqi(R]=]
  _C[857]=[=[/3krcQJ\6FqV\;WKi'-5SFe$-W5VP&PsaD2<o1L(56i';o9LmW:n^Z*+wv&X_gQ1<b+q5Y<)ZZX:w?kM[Z0l5+SVkW&Os@MT]=]
  _C[858]=[=[`,]BJcg%`m4wS&wMd0'8#&`Hqaa:&NGcerd*0craZ>]FL\9oVaZZYf2cLtD087CTQUG'&<9ldk[CgproYF3ql2rb:I)a45L*]=]
  _C[859]=[=[D474U>4qpFKbjQq7F\UcR\\^iTpnka`Ibu+.*I=h7Y3i)Z+D67)`X7piS9Qpb[c5<K-M/(p(oDiniMNb``Cjpu7i8*l`;Avv]=]
  _C[860]=[=[A`E%];6''AW,@ir3(V(Rga?U9u[']XW]M%`.&/DNt3R2l@)B>YHf@Pq7PJib/OT,*03)bK^?C(K5@'[-2`??W8,(Jh.XC*0/]=]
  _C[861]=[=[L?=)-+m<X/lgV`FV3f:_rEEQvd=T0b.Y'E:A\2,eGT2g0`$/FD#6gZTP'GCC\Ldf$)+]V*rNjiaJUIr-haYYF2qNe-%;5j-c]=]
  _C[862]=[=[1`7&4s-3.^_^eZW$cROMSPGpR.m<:,RF([4PL`DUcW+^tVCd+<qsPMido]8$g15+AC+g_V2&nw9K)aHsV_8@U&@(C'i[&=A8]=]
  _C[863]=[=[$r5JJ$APigH4i79]JKd(($T/EK6*KfMic%QBYnL.)n]++C64_$uL%qW`^_gmD,KArUk4H?1-V<b;d1oJHoltM#kpph*&Ia:P]=]
  _C[864]=[=[0e0cv6H7WE2%(57\BTH(Au`Q)l'bWr,THH#G5QC#JFOuXGpb:N6EZorCe:rWH0bAn4`Uq??cKZOsF.Q+s*&F6$tK*2&h2SDh]=]
  _C[865]=[=[6Tnfps_Ak/2%j])j2:HFV;_'Tdsi(NYa@c]8l34km[4f$6tW*<eM*G%=L4Lqup^4FAEMAtnnu;cli&5/UW^#$]e@\DK$'Dj`]=]
  _C[866]=[=[7T$3Fb.f)#/sj>L$'B>du5cdPnf[v-%?O6gfp49rYo)(/OQ.\+(YswYcf_7epvfIs+Q=dCZ?oK\3c7IH,f>EgF_0BK(F6C^>]=]
  _C[867]=[=[;t`RF\Qlie9MiZFuj^UA')DT7i8nA@wo5YKk^pjZ?FOje3b5mqM0hK5Jb.C_h-\(E?26O79&C%0vQIJZTa+`=e7IXK8CbFcL]=]
  _C[868]=[=[O+lkq:jjLea;'<gf464iLa0j[;DMSr2$Y?C18e;GOt+TWB4`Oh;:E6djNGJ)9Q1[3m&om)`S0-^%Aw%88&DHug9FP#lTq+0`]=]
  _C[869]=[=[I<S[<L,8rXT8[:(-4Y-8j\Ko>;Gi(vkBFRR>/).DpriQHA6NR[ETH#cInj^hW%ie9(`YP*Q'8;Kf'B#O7`#vC[=O)#X[RG_T]=]
  _C[870]=[=[92R^YIVoF8(7^l--cXLAYDmT*859t]&n(NWX6r%wrKh`/,f3Pqi,1rmlm(Et98jw^kG0@H4Jo3^d8.<`M&SFh8J15g6p5dcZ]=]
  _C[871]=[=[Jbp19BASieO]FIWt9m_DcNm9#TP7&I2sUUeZr3Y?GtW>7elkfg-w8aeWL.&3AsfG@NeX9ZMC'+P5=PQ2sb5'qOK,v)k;-\9g]=]
  _C[872]=[=[U0l6(^@''@`HObeF^MVqfnHlRfJ<+]1=cSbnV)A'KB7q'lgS^\60>&?fZu;3w@O9ALYMV>*\(d(fwlV$jM1t;uQFCRs>-(;0]=]
  _C[873]=[=[I1nU?Y/JcEY#1g[b8VMKGrM)Pt/o.V_d[d,,glC`WC[1+ErBf94PMc>&2&Yo2jMC/V2XCjc*aNqgrvm(@_64bZ_,s4_>Nc'P]=]
  _C[874]=[=[_wUpnp:Q)i6c;de%RZ$`%7/n59E?Bvbq>sq4T@51wD[UPda>]c;R<$FK0/cDZ=qfevJ?U:YI0n[M]fHkZG4\$`qQa$_p^[Un]=]
  _C[875]=[=[a/<(k7s1%Qw+O^+iIueE#Vc?V,2:T$4In=EBmNHYJ.lRE7i+SJ)I2BBG<#Ca.D`rikr?=$GQPB$RsbLZ(3(Zn'J2.51?Uw;r]=]
  _C[876]=[=[0+/<rIsf08N9mq58hI>OD*SS=A4\>2;P4:KdW>A6EnG,Rk/f#;$Y(OcW)cTa?cVv2W%'6]8ZBRjPtUS&m*8F&>]fU]+_8Eb(]=]
  _C[877]=[=[G\sILS%)c74o3)/mm0UikK#LfYCZOL8k.N+lwt*Kb[\-8jdDwa]SVvcHrHZ=Y4B`sIVlbt>8#9_9];8Pbs,O#b$FfBDVu550]=]
  _C[878]=[=[Qe>W%8<..TZ<sm<F5D9v+iX@*\S6*vr6Sb<gsp]X>JQVkKi&l2jF9Ll$&gD$T4\ig@Lu_aN%qVND?$9<1bD1ErI?oP5;A:6:]=]
  _C[879]=[=[/6=5/nbWWE#>aD8]GA??aL^m``sQm=Y9WSK*PBa^C?.'`S*:*3NP^Wu0q;.f^*K,I0oMRDG)=jSriF4<HJq0M`M;mVZ16jKH]=]
  _C[880]=[=[\ZrB='bDOl'(]:&<UvKDGQtmQq<a$DR]WkGTAMrHJGH$&Drv>mukv)v60Gu*kR^lEb;LeQgcvGKg@IQS#6L]4d;p65cc-Zqb]=]
  _C[881]=[=[KWsoASO:A8h)u/uMtI(Mo7MaI.Fq-u0JX<\7VwO;\P68Xm]Wp6fFdt5;LB=>WjG]lBY\PP7$L4O7n`j9I>@sQNqNt-G\s#E#]=]
  _C[882]=[=[bHY;(t;40\M`w7p`NKjs^Y7w3-sk2[n4ZYqWj,)cr'#]9>Pq4,,C]JDk$'@.lRpd>hpk^<fOIUKvL$aQt+/6*G0?tkX_^Kp4]=]
  _C[883]=[=[w[q&SL@w[n;47A'A0Crb=<c4[Vg>F(f='$]A/WC'4B/.cQQt)bBd1g;+HX]2ujMM*>*hm^9j=JgGXt`th(f8&SQWd`sGRGeV]=]
  _C[884]=[=[OQ_ZP7fMbc=KBc4S$1X6AQEUNvYAcp[)D9?MHc*3]5aM;%#5>R1E?(C.t\am(kqU<WU>>Q_W3_tOasp24WtRQb)d((rie8k,]=]
  _C[885]=[=[6MWa<k&5,W\=h\+H$6M`A0=nr&m_f2@b,(g?mNL:?->+p+^rmHj6>r[eYgvianu[jSb;N7gtM[49@,XP505d-1s5@VaHq#b7]=]
  _C[886]=char(89,105,53,91,58,48,117,110,48,79,105,97,55,48,84,87,56,63,59,89,69,89,51,56,37,89,63,60,78,68,79,93,74,88,36,106,48,77,65,76,92,40,74,68,111,61,74,93,61,105,37,98,76,91,107,103,50,110,49,90,55,41,65,108,69,39,52,99,52,62,113,55,88,95,51,112,41,119,38,61,38,80,118,98,67,63,103,90,88,83,63,79,92,110,94,94)
  _C[887]=[=[7wacJ.=$kVZ#f9#Y^r,=#/.%gO?^deK7KQoj#)49Tf7+[\&i5Atnr9I-jIqc4a2&<?i>U/T.`ReI@/c]LH[f6u6NXG^7ZD9`]=]
  _C[888]=[=[qo@[Q-/aaH@X8Qkg`,tp;O?j9P@3-7?6'>WbLm)F2T`(l1DccgaWV;e3O):+T]%?M`*_fC1w-r;iP=+Z914RE%A`:U95i`3e]=]
  _C[889]=[=[NNmID*Z_`bqDH<juHhh>FB6Sv%IpRm?'k3np@#7FEAWpt6)'E,4`?G&WbnSf)#^GKKI&,nPXQevfo-@jlt^(=uSjQ`?j@w&`]=]
  _C[890]=[=[M\b[jXMWc,RkHh?8)wiT=\r]I*&#V7/ej;U4dqvQ+#hRm[9jg9a/t3+&Wg>\DdMK]fS@5PhcG6r\XiA`'aE,::k;l^(tKk5S]=]
  _C[891]=[=[?RR\+B^Hl)88h,E6T7Q8qE@$0J$;Jj)f:FMMO5Mjb#go)?aF55YFbp_pcY'`H0G().g?Co`rvJu0iBj>XG56_9J/iV)eSChE]=]
  _C[892]=[=[Pn\KR;(V\I6R<pE%k\nAt-2X$1acYEDLr(nR/8N#'9qgY)2*o&0_P#S>@N&)mSkQ'_$,W':;Q:bU1.>em8DQVq\;$Q^VjMet]=]
  _C[893]=[=[#QDS(+e'Q#CCcOsFv^PgnP['?O<3:8/s8iY4L3QVPneQ0qO<X$9[;#EsuLs?g7d$KUGv`n`GSE@tIRNH4`h'aJ:=.VFhipR.]=]
  _C[894]=[=[DSZH)ZE`NC;'-gkg\>K^<UG8F?T4rOCdW]i0s=D0dnqY;0P6D6XWGVfhj?X@Bc_Q7'KPfnl^KHN*V^b*ck#%WI+u(K=T$80.]=]
  _C[895]=[=[i7(1J_PdHDbpkG9M(v-cc8OJ&.>g_RSt\<'mn[.l/*n(ERlK-h1^<0r/d9M.H>Z#<SdpE#m@A6-$#VWqoth+ZJ+UU0\n2/[J]=]
  _C[896]=[=[s`dVf6AK@T5_o2Aiq&1+02JIcEF'NrSN&:(&d(9Y:E0'Q?EiCORKvo.`AI$8XgfevQ2PrNOO;MeS_w>%m-kYLWbFkoa]QQcR]=]
  _C[897]=[=[I44S2Rde+H\)(/qO?02oPXtmE$(%:9a7i^-_S1;9sAK%Y]Me&NWf\&)n:gp:]gY;,`HFsos*qj$0-L'Hk6Y?sDqH8<hga9'8]=]
  _C[898]=[=[$.<>9c4=s?_s'fo^^[dipd&+=XfefwaIK_;Xcfq0uWL+:,#Q`h^)4Xo9%UD/muZ&/P5X5D[t`oj7$tVi9kgU#fS<FQ.K#M9^]=]
  _C[899]=[=[W3iFKEV]=]
  _PAD=0
  seeds={12513090,14593297,12648430,5351397,5114460}
  if _j0(1,2)==999999999 then st=99 else st=2 end
 elseif st==2 then
  local parts={} for i=1,#_C do parts[i]=_C[i] end
  local str=concat(parts)
  local out={} local n=#str local i=1
  while i+4<=n do
   local v=0
   for j=0,4 do v=v*85+(AM[sub(str,i+j,i+j)] or 0) end
   ins(out,char(floor(v/16777216)%256,floor(v/65536)%256,floor(v/256)%256,v%256))
   i=i+5
  end
  payload=concat(out)
  if _PAD>0 then payload=sub(payload,1,#payload-_PAD) end
  st=3
 elseif st==3 then
  local function dxor(data,seed)
   local n=#data local o={} local state=seed
   for i=1,n do
    state=(_A*state+_Cv)%_Mm
    local k=floor(state/65536)%256
    o[i]=char(bx(byte(data,i),bx(k,((i-1)*7+13)%256)))
   end
   return concat(o)
  end
  for si=1,#seeds do payload=dxor(payload,seeds[si]) end
  st=4
 elseif st==4 then
  local data=payload local o={} local i=1 local n=#data
  while i<=n do
   local b=byte(data,i)
   if b==255 then
    local t=byte(data,i+1)
    if t==0 then
     local d=byte(data,i+2) local l=byte(data,i+3)
     local start=#o-d+1 for j=0,l-1 do o[#o+1]=o[start+j] end i=i+4
    elseif t==1 then
     local l=byte(data,i+2) local v=byte(data,i+3)
     for j=1,l do o[#o+1]=v end i=i+4
    elseif t==2 then o[#o+1]=255 i=i+2
    else o[#o+1]=255 i=i+2 end
   else o[#o+1]=b i=i+1 end
  end
  local chars={} for i=1,#o do chars[i]=char(o[i]) end
  decoded=concat(chars)
  st=5
 elseif st==5 then
  local ip,acc=1,0
  for _=1,40 do
   acc=bx(acc,_VM_OP[ip%256] or 0)
   ip=ip+1+(_VM_REG[ip%64] or 0)%3
  end
  if acc==0x7FFFFFFF then decoded='' end
  st=6
 elseif st==6 then
  fn,err=loadf(decoded)
  if not fn then
   if E.warn then E.warn('[ULTRA] '..tostring(err)) end
   st=0
  else st=7 end
 elseif st==7 then
  st=0
  return fn(...)
 else st=0 end
end
local _Z0_0={66,205,156,159,8,36,88,8,201,169,96,75,93,29,244,78,156,8,163,112,99,12,123,84,86,55,180,85,239,199,140,64,111,248,106,167,85,27,252,42,140,193,26,162,191,106,182,218,45,225,189,46,184,140,124,248,220,110,90,76,52,211,102,147,138,63,68,34,14,104,86,196,208,192,229,34,17,85,215,38,199,158,7,113,101,252,239,247,62,177,211,248,74,150,76,63,220,17,4,10,100,244,232,196,125,180,210,155,53,0,211,223,236,216,185,1,29,171,44,178}
local _Z0_1={0,203,44,111,148,113,120,155,232,206,51,249,189,131,125,86,122,25,195,185,140,241,209,192,137,33,228,1,164,80,141,237,153,186,113,106,134,64,100,232,36,52,226,119,157,139,11,209,95,143,40,89,183,91,160,1,159,143,164,74,150,209,237,143,135,43,251,41,90,31,66,192,213,223,97,81,27,79,178,70,14,168,183,126,121,78,103,146,220,132,249,120,183,133,254,58,187,102,212,243,186,107,131,120,133,50,246,138,106,238,120,241,41,77,248,92,123,174,208,78}
local _Z0_2={253,144,184,232,122,30,119,153,123,22,147,254,57,186,78,73,215,72,232,246,98,191,49,230,15,101,49,1,100,55,209,167,172,185,87,188,231,200,45,125,115,136,221,83,182,151,232,138,127,133,174,122,50,179,93,227,49,154,215,216,116,132,8,14,239,191,107,37,143,113,137,61,201,100,80,132,144,192,148,80,244,0,53,210,78,177,148,81,220,151,198,152,157,89,104,229,129,6,69,124,12,141,129,93,103,15,100,74,246,232,137,156,84,78,72,150,240,14,140,37}
local _Z0_3={85,129,228,77,207,84,165,201,68,207,214,54,194,173,36,164,201,227,53,82,179,40,248,22,55,109,148,230,190,106,234,179,212,188,132,219,88,30,98,14,6,131,221,91,73,88,48,44,190,174,158,185,31,243,18,91,65,49,216,225,111,178,87,225,209,55,69,199,211,79,55,33,98,247,70,238,144,62,86,125,13,63,153,158,26,46,66,30,236,46,170,163,253,111,152,78,59,239,253,249,199,49,111,109,167,71,40,50,81,241,43,107,13,166,25,184,183,232,164,255}
local _Z0_4={77,157,100,228,156,68,54,82,39,27,202,245,19,74,26,193,173,72,54,27,195,251,98,101,59,80,51,47,54,222,62,226,201,108,138,154,160,149,204,38,148,219,131,147,162,203,102,198,134,115,107,106,83,99,116,20,140,151,167,129,7,217,196,13,111,159,62,69,202,36,17,126,216,69,235,59,146,118,151,92,105,200,206,173,40,9,85,224,191,47,129,12,158,222,192,50,128,238,58,207,133,73,35,127,218,219,85,9,219,72,30,153,202,186,137,61,186,193,205,232}
local _Z0_5={196,140,102,71,185,244,227,240,16,141,166,85,176,23,226,82,171,152,190,202,199,65,185,215,92,238,202,234,90,246,111,104,84,209,125,149,56,182,101,183,46,142,220,114,101,210,20,176,147,51,65,52,160,176,193,140,127,75,1,115,209,27,24,83,204,92,111,48,151,121,66,244,207,173,150,14,69,211,75,200,28,199,174,1,109,15,94,178,180,151,174,191,193,76,170,52,197,245,161,210,113,201,64,250,55,220,59,36,60,179,177,5,207,64,105,140,190,95,147,215}
local _Z0_6={172,169,158,25,68,153,31,30,197,54,231,20,250,213,247,61,119,121,234,0,59,188,223,87,23,222,46,46,24,124,239,78,65,22,87,128,9,236,136,69,185,136,212,241,180,196,57,59,63,79,143,208,238,115,94,180,90,119,174,169,120,206,27,76,40,205,227,69,7,246,33,164,157,183,237,196,93,200,74,133,242,94,115,89,84,133,255,141,112,214,174,17,210,229,123,125,76,116,2,179,29,73,142,193,66,59,168,19,199,50,24,185,226,44,239,152,240,210,80,167}
local _Z0_7={115,54,195,23,50,74,194,104,217,134,136,182,59,213,107,166,223,173,196,255,199,166,14,47,92,254,149,159,139,33,45,59,56,111,233,85,225,56,34,4,232,228,164,215,254,67,198,188,181,12,163,226,62,43,187,243,124,40,116,155,99,212,7,156,107,158,198,13,32,132,13,7,92,199,123,240,60,9,116,118,132,193,147,109,225,215,146,42,193,233,239,188,89,252,153,115,103,141,109,69,161,138,98,73,177,183,23,177,95,90,181,229,54,33,135,217,120,152,184,248}
local _Z0_8={66,94,233,40,182,209,33,60,153,62,0,133,251,124,205,64,26,87,6,40,124,48,62,247,127,202,86,180,126,23,211,235,104,222,98,29,254,62,92,130,161,142,246,51,83,140,213,172,215,56,127,149,40,130,191,217,3,4,232,80,110,215,19,11,183,48,22,45,78,154,44,100,207,19,1,155,119,14,121,144,97,225,155,32,171,237,229,49,167,125,149,209,239,7,61,113,66,127,193,181,136,111,35,27,182,74,147,113,190,233,45,33,131,46,84,187,83,107,241,157}
local _Z0_9={43,218,177,87,9,3,29,243,83,161,241,199,197,254,71,11,149,98,191,225,255,200,134,171,105,28,178,34,224,77,175,174,102,89,244,218,242,108,9,144,221,190,11,182,203,159,237,10,133,253,97,38,46,106,245,227,141,1,150,92,58,59,237,196,52,234,211,219,177,157,128,167,166,220,227,176,48,8,80,184,199,33,148,227,91,252,78,247,189,20,75,64,244,47,33,70,49,212,53,21,65,192,218,149,19,53,64,123,158,193,15,115,74,78,134,118,92,31,36,62}
local _Z0_10={140,1,190,100,158,210,65,125,206,212,172,133,221,170,35,180,58,16,168,47,87,117,165,108,152,116,203,41,115,244,133,112,246,148,212,135,174,211,184,102,25,171,157,34,55,78,136,203,128,32,115,155,4,113,11,241,240,195,242,129,185,136,80,102,137,0,26,109,44,156,72,77,70,113,3,45,156,118,125,204,232,203,176,18,168,102,53,71,178,12,124,86,244,208,159,182,168,33,76,152,44,171,93,20,202,157,122,95,31,100,159,95,255,29,196,157,90,30,48,201}
local _Z0_11={78,235,206,8,42,160,217,96,100,252,130,153,125,14,17,35,182,184,4,62,195,170,51,203,240,130,166,183,210,161,1,112,41,76,120,216,157,17,139,168,124,38,72,155,13,162,106,22,36,224,18,146,158,236,65,177,217,216,73,102,251,196,98,134,65,116,74,27,109,14,222,41,53,114,106,183,246,134,170,216,146,244,1,0,109,177,142,201,1,198,221,167,42,114,33,9,249,138,17,133,57,206,64,221,147,2,163,161,145,102,131,151,5,79,237,60,123,18,40,150}
local _Z0_12={138,193,33,185,43,132,252,100,63,122,210,163,54,15,128,230,62,248,162,75,64,102,195,251,38,201,136,216,224,50,135,75,217,204,209,163,34,71,238,76,25,69,252,49,234,180,184,236,152,166,55,249,117,144,125,196,197,108,90,241,211,6,112,162,78,78,62,64,60,12,155,18,99,144,64,229,105,224,195,25,91,141,58,123,113,52,200,132,146,226,34,61,26,134,86,155,203,80,186,62,216,160,11,156,211,229,163,113,242,25,11,5,146,177,181,113,138,161,245,159}
local _Z0_13={230,220,13,79,216,104,212,5,198,118,100,0,145,29,248,13,207,136,33,184,52,100,17,189,38,230,206,218,117,161,124,65,16,181,45,29,73,163,182,116,211,194,15,48,100,139,231,209,234,240,56,227,87,144,54,165,132,137,60,0,70,86,165,33,44,43,67,176,84,178,168,169,170,187,105,215,114,223,252,50,165,177,120,93,92,37,27,58,215,157,150,28,57,182,177,69,204,92,89,167,230,35,200,95,152,228,6,249,217,17,57,184,76,69,84,145,175,46,62,202}
local _Z0_14={224,20,86,202,50,177,109,50,193,14,18,192,89,79,242,254,30,77,58,226,185,188,194,255,238,105,7,220,145,94,191,25,97,45,132,143,234,107,218,52,224,137,117,174,80,121,145,115,48,183,15,9,214,95,57,73,26,145,242,79,82,178,157,129,146,124,91,67,34,10,177,246,19,124,248,11,136,69,253,37,30,173,44,58,45,210,96,129,106,110,235,62,14,105,153,238,36,92,227,179,139,62,53,18,0,254,18,191,242,16,118,244,251,118,166,61,134,61,207,50}
local _Z0_15={79,108,192,200,206,44,145,180,204,52,163,51,142,87,217,63,251,149,191,225,43,136,179,214,1,153,54,12,48,158,125,15,235,172,155,134,144,211,29,109,22,55,170,231,89,55,193,118,219,55,221,148,213,18,25,153,13,139,31,220,119,148,198,142,212,169,161,23,43,183,38,104,10,79,109,166,126,227,128,21,14,196,193,6,1,146,111,245,127,1,85,252,161,184,166,89,111,195,179,175,27,209,174,197,235,195,138,98,61,8,97,214,48,146,40,194,116,243,251,164}
local _Z0_16={59,154,114,255,204,21,116,92,71,195,153,247,147,127,158,217,111,162,245,222,156,233,65,206,185,239,194,95,244,45,86,115,174,174,12,44,175,172,100,255,24,233,60,223,229,223,205,139,137,236,183,124,133,138,70,66,184,103,151,226,123,177,134,111,202,176,210,87,225,129,19,65,84,181,71,112,155,142,109,127,175,80,33,49,61,99,194,43,156,92,186,218,165,129,63,185,94,128,232,231,229,145,229,192,239,235,122,163,4,13,226,39,25,182,229,126,175,237,116,163}
local _Z0_17={234,75,246,143,147,84,43,143,166,229,26,111,169,128,34,245,163,22,6,59,210,149,224,59,237,194,182,224,194,40,152,184,154,249,166,160,159,208,132,6,148,150,71,116,75,42,30,101,176,13,192,70,202,185,74,209,125,211,108,183,0,123,103,180,13,34,218,128,184,58,143,179,180,86,200,117,3,16,3,231,224,226,135,189,56,163,17,206,177,242,73,46,56,187,243,71,18,135,101,174,118,67,14,218,252,122,111,187,136,199,124,35,254,174,121,42,25,2,86,8}
local _Z0_18={184,72,205,219,10,124,134,4,38,31,114,125,179,51,64,166,234,118,22,75,79,242,209,144,187,231,237,154,30,181,183,97,59,166,113,24,30,47,110,233,65,1,31,44,188,210,125,187,86,216,114,213,157,90,212,246,233,100,23,205,122,173,19,171,0,37,141,246,19,80,158,195,228,175,68,96,249,169,236,94,140,36,248,166,85,230,18,180,38,6,42,43,242,97,48,169,112,88,61,13,142,8,6,190,156,98,147,54,126,251,121,136,43,11,142,73,173,202,130,180}
local _Z0_19={159,234,205,31,137,247,88,188,137,166,152,87,3,255,126,149,75,144,20,76,25,163,126,2,139,40,254,138,117,159,68,70,61,125,159,148,144,25,4,107,88,4,51,17,9,211,18,134,109,186,196,17,242,104,18,1,241,75,177,94,92,51,92,65,147,88,83,135,64,24,25,127,75,123,175,50,223,253,137,230,195,216,88,184,135,145,232,115,233,222,30,170,91,53,79,114,76,173,38,137,98,78,187,140,192,130,201,193,69,245,15,202,244,194,59,224,205,241,46,166}
local _Z0_20={251,233,154,110,108,36,122,172,215,39,146,7,73,63,78,197,208,253,105,67,121,50,80,244,175,165,44,191,77,129,216,145,101,142,245,132,139,33,221,146,58,88,162,96,63,115,36,177,117,220,163,230,27,10,23,224,148,58,245,229,150,182,35,148,188,200,90,131,139,245,167,204,212,39,167,205,168,92,212,99,158,138,198,27,108,179,118,186,228,149,112,240,183,8,83,164,95,128,163,23,33,248,49,208,107,90,114,27,42,172,97,33,52,22,178,137,255,32,123,99}
local _Z0_21={183,30,46,15,35,145,188,164,216,164,81,101,192,192,113,22,164,216,65,183,152,155,176,78,18,113,128,123,1,2,41,42,145,51,53,16,50,61,136,238,3,71,51,141,47,218,27,55,35,83,6,19,127,196,123,212,243,118,5,94,143,62,95,202,10,186,8,244,156,255,14,128,167,202,133,246,88,198,220,62,122,79,152,127,182,112,92,243,29,167,224,84,81,125,70,61,114,25,34,96,47,46,42,48,123,117,20,44,82,11,18,93,123,242,42,248,111,153,150,128}
local _Z0_22={54,108,14,107,123,171,186,148,26,4,50,33,37,189,229,188,73,231,162,181,7,142,67,214,170,206,136,121,92,219,155,49,41,214,90,231,69,19,146,126,155,167,95,0,156,184,133,169,119,106,213,102,1,11,178,16,4,90,250,45,121,149,168,233,70,71,4,168,4,20,52,43,243,74,183,75,253,82,127,215,202,2,121,153,93,205,56,236,84,250,2,161,152,139,179,171,247,101,171,116,29,102,76,232,111,5,100,93,194,109,61,202,224,238,122,23,68,9,191,251}
local _Z0_23={4,0,250,94,192,105,101,8,135,172,229,145,87,174,234,189,210,168,171,225,11,255,182,46,157,65,76,98,71,215,117,69,154,184,209,9,138,254,209,124,116,242,139,80,238,92,102,89,4,70,47,217,215,236,221,202,171,234,187,206,176,67,68,14,30,79,214,84,188,67,255,58,4,233,169,108,147,80,13,76,215,152,132,48,169,139,121,103,46,151,172,77,188,191,58,43,135,133,106,50,251,242,46,61,161,71,82,163,171,86,9,254,226,175,236,132,115,81,48,223}
local _Z0_24={99,41,46,177,187,231,156,115,83,219,78,237,116,1,142,73,70,148,43,151,249,205,186,72,61,178,255,180,45,85,84,171,9,6,147,94,134,166,213,221,252,147,250,160,36,223,150,234,125,123,140,143,237,233,16,106,17,142,66,14,152,113,144,209,85,94,81,175,168,138,177,216,255,38,12,102,68,248,126,213,240,76,164,0,200,150,161,213,122,122,12,80,211,108,255,181,11,152,84,200,201,41,4,7,19,116,30,166,227,215,94,63,155,156,143,74,200,135,144,93}
local _Z1_0={174,73,136,53,165,149,115,234,187,84,59,233,16,188,140,178,79,42,248,218,157,68,36,107,76,113,49,203,159,1,6,82,125,169,15,79,53,226,199,134,96,70,114,216,128,111,244,83,17,212,160,193,187,146,15,224,130,110,246,29,4,67,137,118,235,205,225,53,191,251,23,128,176,75,51,114,252,159,139,220,147,71,126,68,44,161,184,100,192,100,236,250,217,6,221,184,202,43,27,34,241,67,192,32,18,128,163,189,236,194,195,198,174,204,52,63,165,38,26,66}
local _Z1_1={76,144,153,247,223,202,52,91,60,218,170,28,23,243,163,152,113,123,130,110,23,190,234,146,197,97,158,176,116,213,49,133,236,102,208,192,176,135,9,172,131,245,122,151,106,53,77,40,5,210,69,120,189,131,186,91,76,106,239,109,234,0,168,66,121,241,185,234,0,4,243,223,70,19,141,75,172,1,229,87,246,42,69,158,59,91,138,122,46,99,109,85,217,191,249,227,232,92,218,25,218,164,135,214,152,144,63,137,133,200,5,244,231,164,47,103,137,15,105,185}
local _Z1_2={175,112,9,85,185,86,145,164,191,117,151,116,210,200,100,63,251,27,74,108,172,160,220,184,77,44,245,207,231,153,200,202,120,151,217,244,212,64,142,121,186,54,225,179,248,215,93,28,32,11,65,97,165,228,97,10,24,122,33,174,221,101,55,107,172,119,23,121,206,58,216,85,84,210,107,62,121,97,133,14,141,7,236,191,68,77,161,244,38,139,129,24,150,25,176,94,11,163,111,178,140,226,152,5,86,157,252,80,18,235,201,61,43,135,222,142,217,18,112,146}
local _Z1_3={158,152,218,6,166,5,44,251,231,91,88,247,199,187,148,79,13,81,187,96,43,73,89,82,248,115,176,243,88,84,116,144,199,76,79,87,11,207,97,51,153,164,7,156,196,88,124,14,75,98,123,74,103,205,20,222,36,179,214,74,108,251,85,137,217,229,11,53,112,109,188,172,219,219,131,85,10,74,73,51,238,21,8,196,47,32,249,93,148,186,107,182,188,200,186,97,104,6,213,58,226,148,224,123,165,75,228,92,78,47,106,249,139,33,191,123,12,80,193,229}
local _Z1_4={253,155,101,107,148,94,46,75,94,244,249,69,35,20,233,37,128,63,37,118,73,94,53,199,179,155,66,41,155,57,209,213,187,230,247,110,67,107,46,56,45,97,52,35,107,129,154,26,71,26,112,158,34,94,180,194,226,145,171,162,254,227,75,5,27,217,180,136,5,24,111,253,17,24,176,210,62,146,35,30,73,93,183,236,139,39,137,250,225,22,211,18,68,25,26,248,215,253,5,30,237,59,200,220,168,105,137,104,182,30,2,8,99,228,126,131,0,30,49,33}
local _Z1_5={3,178,201,129,153,50,38,5,119,97,211,37,175,246,191,175,232,73,211,95,193,101,110,147,244,19,233,240,69,86,41,147,239,76,119,108,112,181,110,194,49,180,169,21,188,5,30,209,237,100,161,48,192,187,28,145,28,18,124,244,25,177,175,25,36,15,74,124,87,37,135,62,168,207,182,131,17,52,159,37,33,82,97,75,178,173,88,104,67,9,80,149,32,14,92,8,6,197,175,219,240,216,27,237,22,213,132,221,39,161,136,208,55,165,236,228,29,33,53,198}
local _Z1_6={209,110,150,168,84,173,165,6,125,133,252,97,118,153,196,71,160,36,52,188,208,45,126,144,16,68,130,212,160,150,232,228,17,224,245,141,2,29,248,172,31,134,32,114,239,49,221,83,116,172,226,54,135,43,151,93,9,87,247,81,120,59,19,143,29,66,28,247,251,98,56,10,192,168,84,243,120,197,223,73,42,113,222,224,169,170,201,64,68,9,194,123,68,20,188,64,5,70,186,67,66,61,49,131,75,195,194,56,163,255,122,41,245,213,123,92,53,26,36,84}
local _Z1_7={217,126,26,43,77,137,113,13,27,79,172,114,209,205,129,198,60,187,227,172,5,23,47,250,178,217,214,85,43,121,128,253,11,167,185,135,127,38,73,244,104,248,82,184,165,82,207,174,120,126,149,89,27,5,207,48,65,41,158,37,64,63,192,14,213,97,226,124,192,164,143,36,59,63,3,38,50,122,130,54,64,218,136,130,82,39,2,135,210,23,44,54,214,114,37,117,10,105,126,130,66,245,164,245,51,91,107,254,109,78,205,12,24,148,192,149,240,121,201,1}
local _Z1_8={130,31,205,248,123,193,133,114,182,71,246,112,10,57,108,119,180,162,163,115,202,144,37,191,99,228,200,83,103,68,90,47,122,6,136,42,56,193,44,79,187,150,19,179,201,16,236,11,125,202,175,206,43,206,140,139,99,149,145,14,52,241,8,14,136,45,157,5,191,137,160,6,143,80,148,191,157,231,82,214,219,187,143,203,143,3,203,167,55,22,48,78,212,226,94,205,35,180,153,33,78,103,250,24,69,73,142,89,157,159,76,139,155,56,112,13,125,254,187,246}
local _Z1_9={108,87,232,244,139,82,152,213,186,27,147,47,127,76,130,65,90,223,39,248,69,123,94,4,198,169,225,252,208,175,246,17,243,11,250,99,36,130,115,97,107,16,117,35,177,153,248,73,77,234,207,9,117,18,58,114,253,30,8,33,185,251,64,187,225,113,231,8,79,169,235,48,242,58,178,171,163,126,167,73,222,253,156,115,116,181,197,248,110,189,118,9,196,225,196,109,157,40,227,99,52,68,155,185,191,180,14,43,85,30,196,132,177,68,165,185,41,191,231,207}
local _Z1_10={127,47,63,60,165,52,221,77,208,26,194,227,226,249,133,255,61,23,217,130,111,167,128,213,66,207,112,45,78,199,150,214,227,6,155,164,35,154,116,67,16,200,0,215,20,50,39,234,103,241,27,126,16,200,230,54,164,90,39,190,3,13,3,125,70,10,44,89,62,15,19,173,199,56,94,100,228,178,188,50,102,118,20,53,69,93,63,219,199,61,85,20,78,118,236,85,61,74,144,185,145,181,146,138,206,90,73,148,81,105,97,22,177,19,60,174,29,215,90,211}
local _Z1_11={127,70,183,7,90,212,121,5,138,102,54,14,28,69,24,193,222,37,11,227,232,217,52,235,142,47,39,12,65,196,160,76,254,10,182,6,129,152,48,55,207,159,212,184,112,153,68,142,149,157,123,158,22,246,179,137,187,254,180,26,8,17,5,181,76,176,156,22,241,157,168,93,49,63,103,159,117,184,255,187,32,118,79,55,105,80,58,241,76,72,124,184,213,121,52,82,51,149,230,7,0,162,103,68,100,34,195,156,190,232,51,75,21,161,3,225,4,23,81,14}
local _Z1_12={183,206,30,160,93,68,64,27,32,184,40,96,94,224,229,253,210,180,34,29,156,137,69,133,43,120,132,193,255,160,123,154,167,209,0,253,196,69,118,32,208,199,209,50,184,203,237,20,243,93,142,60,50,36,102,92,29,133,43,205,181,188,19,76,56,85,128,187,235,141,202,116,60,158,121,49,200,31,88,104,195,141,237,160,213,152,155,59,119,235,207,79,171,70,70,144,223,149,112,214,155,103,152,229,92,138,51,28,67,130,218,209,177,79,147,14,160,178,6,57}
local _Z1_13={131,235,32,113,181,146,81,148,155,89,88,126,130,40,72,60,162,4,59,74,53,113,20,239,118,59,88,124,60,172,134,60,10,162,99,99,109,206,98,162,43,138,134,254,221,156,140,197,7,49,75,242,171,239,8,156,220,196,12,122,221,23,205,212,167,247,87,211,236,63,73,68,76,114,246,64,155,213,161,237,142,112,109,3,191,66,231,75,157,139,227,49,3,245,33,59,104,37,1,206,46,139,161,205,147,12,3,207,53,159,88,235,126,167,134,225,108,125,139,200}
local _Z1_14={22,2,233,141,177,3,86,43,232,152,95,130,84,211,6,22,81,33,194,250,117,90,174,112,10,126,139,204,100,11,155,13,246,28,123,18,9,141,44,159,167,92,252,24,31,151,32,2,234,221,12,173,88,207,82,78,123,171,65,255,27,44,41,171,83,49,188,228,29,50,250,202,167,122,107,132,97,76,142,225,137,133,226,161,49,51,27,197,39,161,168,138,242,243,142,179,11,68,232,127,147,163,174,162,134,112,250,41,187,18,198,138,42,249,14,94,27,178,65,68}
local _Z1_15={245,222,33,159,52,132,167,159,169,108,146,47,44,107,187,192,247,44,203,5,225,77,172,252,62,147,48,40,114,112,104,52,53,194,252,164,173,124,164,93,12,255,239,85,61,105,49,218,252,0,31,209,230,172,157,235,16,116,231,107,168,41,117,90,156,209,160,218,179,127,166,187,33,185,145,60,155,173,239,127,131,153,157,69,210,74,100,112,33,126,111,171,210,26,136,202,53,135,136,200,243,38,127,13,235,233,100,132,7,45,41,34,9,135,12,178,120,140,80,78}
local _Z1_16={215,101,197,217,216,68,58,23,2,202,219,201,156,13,120,50,57,242,219,132,79,139,75,99,182,7,69,115,34,18,22,27,106,243,246,17,43,57,114,61,207,216,245,214,49,138,62,88,177,129,212,114,40,207,125,176,198,143,10,236,66,195,152,107,183,46,209,127,138,198,231,77,251,220,221,13,50,58,20,112,126,252,247,113,223,244,145,121,244,113,232,30,62,248,115,78,205,56,188,87,10,207,50,184,177,133,88,118,212,57,233,137,221,54,5,171,106,81,134,24}
local _Z1_17={55,253,119,40,109,84,95,193,75,1,125,71,220,93,47,155,52,212,35,117,16,155,212,215,117,103,51,122,109,141,111,255,106,232,88,11,53,255,176,235,28,12,27,178,74,15,7,3,41,239,174,68,1,16,194,86,207,23,6,154,2,195,149,136,33,4,249,72,87,69,23,17,20,55,227,21,143,148,251,34,101,100,252,231,44,95,213,206,37,70,93,54,237,206,223,222,66,16,186,131,236,228,253,36,98,228,153,75,136,92,203,112,166,3,164,27,171,43,13,168}
local _Z1_18={245,1,217,151,9,226,3,34,52,216,111,249,194,80,85,195,222,14,231,151,63,120,104,48,29,115,108,36,27,212,90,46,157,126,58,73,232,85,102,14,6,162,87,130,95,112,124,68,175,93,34,100,210,194,134,13,230,41,98,182,220,9,10,218,188,249,69,27,219,151,37,37,58,155,112,44,68,80,172,249,64,8,54,101,209,23,66,48,70,12,107,171,108,78,231,53,83,196,101,39,182,189,0,39,74,165,118,33,150,45,202,169,143,149,83,26,130,253,136,99}
local _Z1_19={184,96,214,178,108,216,200,196,102,211,173,135,139,78,248,250,0,108,45,164,97,87,212,121,146,112,60,44,206,230,174,12,150,194,58,53,98,52,186,102,137,74,141,51,86,92,74,46,252,229,110,164,63,187,109,61,44,141,44,65,97,205,255,226,199,209,18,179,28,103,41,224,153,82,158,49,198,100,49,15,235,165,70,191,208,234,188,245,153,170,216,102,86,250,31,74,16,239,208,247,45,209,154,157,11,228,194,55,45,236,64,142,133,217,94,122,94,198,84,175}
local _Z1_20={94,78,58,52,52,77,13,78,209,226,92,17,133,54,142,118,49,103,183,66,121,22,255,95,247,181,214,119,228,2,132,241,228,158,182,86,203,140,252,114,75,247,8,180,152,95,10,45,173,252,57,21,228,85,231,164,199,62,52,150,27,63,181,252,48,47,147,30,126,57,4,131,133,238,227,97,27,185,55,93,132,111,71,44,216,130,46,242,22,252,64,67,3,146,45,25,74,66,249,221,89,51,91,55,168,127,249,204,193,186,19,195,183,235,28,54,242,52,26,215}
local _Z1_21={92,88,174,5,35,8,249,31,128,41,190,35,134,239,208,183,180,171,13,32,124,181,62,169,190,187,160,184,9,128,36,176,185,82,42,15,146,236,22,26,145,136,215,157,140,172,135,127,218,179,13,152,95,188,43,129,245,249,121,137,170,113,102,100,251,83,175,204,156,233,36,46,211,112,205,157,9,28,111,108,118,28,141,139,178,217,54,252,214,180,33,156,143,127,140,251,42,147,181,34,111,194,27,104,98,47,105,0,100,160,156,121,58,72,6,182,145,54,150,242}
local _Z1_22={170,164,236,43,92,120,205,53,230,27,150,127,98,201,133,120,162,225,207,21,212,195,11,94,86,229,202,11,250,3,179,69,52,141,131,45,26,185,208,235,187,111,40,93,167,151,109,231,62,1,7,19,162,88,173,65,117,207,59,216,90,58,224,39,36,246,248,24,168,64,103,90,182,223,25,188,64,70,93,60,195,240,142,98,224,188,13,168,162,12,115,224,204,7,164,51,20,132,238,183,164,223,117,230,29,170,76,233,197,146,98,61,122,196,235,222,151,35,45,238}
local _Z1_23={129,154,241,103,178,94,201,86,64,210,203,45,159,51,219,191,170,248,175,232,27,248,131,239,84,69,236,123,60,144,19,206,1,111,175,20,185,64,88,41,51,195,130,6,166,214,59,133,58,211,42,29,104,83,4,159,180,184,246,153,135,28,34,197,80,25,22,26,132,19,8,84,151,137,56,186,97,108,92,59,102,192,124,222,246,172,100,208,179,21,69,79,155,24,239,201,128,67,34,72,3,204,142,66,95,218,106,71,114,85,29,135,32,5,220,2,188,162,72,3}
local _Z1_24={97,207,108,208,68,38,187,228,189,75,112,2,245,250,64,105,187,54,72,63,90,244,155,2,234,246,164,106,110,224,9,63,180,188,13,121,139,81,191,82,127,7,2,193,170,94,59,250,201,89,3,9,76,120,182,180,189,207,15,161,236,129,116,174,192,21,193,50,81,242,244,66,244,152,186,160,178,51,161,117,124,102,151,212,243,240,250,157,40,206,69,135,24,253,120,73,6,239,237,137,158,214,207,232,32,198,180,107,130,144,209,186,14,138,165,26,248,41,229,100}
local _Z2_0={197,71,62,148,33,205,71,183,58,35,132,114,193,47,133,220,179,191,140,126,89,52,200,113,100,35,145,146,204,206,12,119,217,220,86,24,42,237,48,247,156,157,180,215,18,255,29,229,148,142,117,26,91,200,66,184,186,53,124,154,114,83,12,195,30,248,108,171,47,22,20,66,170,130,134,129,226,128,19,69,101,176,184,41,131,75,56,231,183,199,234,6,139,231,190,69,135,236,21,252,216,189,252,179,188,86,12,229,80,191,47,18,193,45,77,255,238,214,207,183}
local _Z2_1={83,194,35,62,45,199,12,36,70,158,78,57,142,159,82,196,20,83,42,192,215,131,43,101,100,249,84,236,23,199,124,54,109,40,169,101,9,53,122,15,19,56,203,87,157,202,91,150,158,174,209,40,233,45,134,5,104,78,232,109,157,103,226,216,84,242,126,247,133,177,15,109,85,131,157,54,175,246,249,29,182,226,174,50,113,174,98,173,90,11,116,57,118,13,11,179,185,121,140,116,168,11,152,55,194,51,184,28,29,253,213,89,185,191,126,206,249,166,82,75}
local _Z2_2={137,80,41,45,225,188,125,180,143,86,196,2,219,253,13,126,206,143,60,19,123,21,101,94,225,32,33,41,35,118,223,29,130,167,206,109,239,120,83,200,28,126,24,34,202,219,149,184,47,76,70,91,107,85,128,81,76,34,218,38,235,204,105,2,140,25,111,60,238,69,75,209,55,71,255,132,107,58,23,10,0,226,231,219,110,205,99,68,184,167,72,127,190,154,103,67,150,162,82,67,221,235,49,167,108,28,74,227,56,192,4,32,204,196,83,125,94,109,48,238}
local _Z2_3={245,201,30,237,97,141,80,229,1,126,127,178,159,32,39,62,169,98,144,196,131,247,240,111,54,9,56,251,184,247,105,184,155,8,44,63,217,104,68,92,184,163,96,120,132,169,211,228,56,14,26,191,62,93,17,102,214,169,87,212,115,152,70,18,3,242,46,130,116,13,199,135,231,235,234,142,129,108,156,20,201,42,46,184,5,2,75,248,194,231,61,44,18,202,219,58,127,169,182,95,222,186,208,123,191,49,146,10,103,232,21,119,47,177,167,17,94,252,253,194}
local _Z2_4={166,134,0,210,21,36,200,80,36,79,243,255,120,40,234,28,251,20,168,134,162,121,192,139,227,110,89,231,243,53,185,75,176,52,91,103,197,52,28,77,9,244,167,32,141,169,35,208,83,116,39,198,161,162,221,34,78,26,58,21,48,37,106,13,135,188,159,178,233,66,117,64,244,129,74,131,84,160,22,57,64,10,41,234,223,63,135,47,149,88,192,174,175,103,68,164,156,73,12,154,148,98,12,195,255,125,144,200,84,175,9,210,33,202,155,216,252,247,72,61}
local _Z2_5={84,73,247,62,229,107,228,62,91,165,227,5,102,161,190,202,115,252,28,236,21,78,198,134,247,86,154,238,14,148,177,213,221,171,6,63,254,245,4,165,227,48,116,41,156,74,186,255,196,42,244,1,8,127,241,55,45,227,58,63,137,81,252,132,39,23,239,9,223,106,53,226,63,79,226,208,162,54,55,150,103,250,3,254,22,31,111,89,0,40,21,134,23,136,160,74,160,13,135,114,34,25,241,61,212,162,255,150,87,105,172,169,1,216,154,228,139,56,247,228}
local _Z2_6={136,136,250,206,144,189,93,230,232,139,174,189,231,199,247,62,18,169,195,227,161,32,172,110,74,252,224,251,253,15,238,171,89,228,51,214,127,70,216,148,63,128,190,51,131,241,118,165,226,105,87,25,3,66,34,176,5,45,146,159,155,104,197,133,150,255,19,26,218,95,208,220,39,116,72,11,140,207,191,201,217,71,169,183,83,36,113,50,222,5,98,201,183,67,135,114,35,116,105,31,47,218,10,1,139,140,216,162,108,224,238,134,119,87,139,243,51,188,10,249}
local _Z2_7={162,172,60,232,156,234,52,117,32,69,81,225,66,46,181,178,130,9,22,177,55,218,149,219,182,32,186,38,141,193,198,64,155,146,156,111,92,240,60,14,246,60,83,10,124,13,143,36,176,222,129,197,55,18,159,104,34,99,14,212,181,56,126,13,49,146,210,219,150,161,251,54,110,123,218,246,97,0,204,31,36,243,198,59,131,159,44,112,83,2,35,112,97,143,41,14,12,186,183,207,16,250,49,38,66,209,216,148,129,123,53,158,227,130,90,128,235,235,233,58}
local _Z2_8={34,48,67,179,73,234,202,73,183,243,100,7,132,0,56,154,88,144,183,53,217,34,236,156,206,186,246,93,162,179,109,3,70,138,41,12,76,221,173,22,194,137,32,243,182,9,133,190,47,223,20,190,13,0,171,189,207,32,117,238,43,32,87,83,118,145,210,39,33,112,73,145,105,203,247,117,86,126,89,83,20,174,187,155,48,5,193,153,163,185,139,102,38,165,187,188,235,115,48,93,60,36,186,39,198,45,41,164,108,86,245,81,28,129,214,254,160,121,220,201}
local _Z2_9={93,173,162,176,93,108,157,113,251,164,84,51,181,108,86,188,241,222,240,187,48,154,118,14,196,201,2,170,66,81,96,151,243,218,130,144,195,109,20,174,197,68,196,116,17,144,218,97,123,92,121,106,35,145,43,250,69,179,85,66,143,161,93,237,227,185,49,41,113,12,48,104,20,134,118,153,161,227,132,147,137,77,74,69,178,196,185,11,164,90,66,204,185,197,232,93,14,213,63,40,127,243,227,192,191,191,243,170,43,197,75,93,141,225,27,250,16,10,75,213}
local _Z2_10={85,31,125,107,14,241,249,184,70,180,4,105,214,109,226,85,85,108,114,23,175,38,17,132,49,71,65,8,7,203,47,78,168,112,93,9,117,234,86,12,223,43,40,82,13,15,65,34,30,225,121,254,106,3,221,245,114,106,254,60,31,128,72,61,185,228,90,20,132,153,81,6,200,47,237,120,163,102,6,93,96,221,173,217,175,225,21,113,99,50,7,117,188,254,77,131,68,192,165,232,131,73,140,187,180,145,212,72,254,5,173,218,223,144,7,15,250,197,7,232}
local _Z2_11={56,7,37,248,45,28,237,170,165,253,11,160,18,83,210,225,19,156,11,206,124,108,133,99,216,109,172,18,102,184,125,26,59,213,85,0,38,10,14,61,88,184,128,59,198,208,69,61,234,217,25,42,88,24,10,169,162,3,135,130,81,179,197,199,167,236,112,22,144,20,142,142,22,200,166,130,204,140,195,239,224,126,27,85,195,77,212,124,171,140,90,224,249,180,131,147,181,149,31,139,131,63,104,10,3,8,226,43,107,211,98,163,226,187,97,245,168,253,226,37}
local _Z2_12={89,165,136,97,177,249,230,235,208,74,32,228,193,218,198,71,189,214,0,6,50,219,34,223,39,209,137,16,123,246,160,47,67,9,212,53,238,185,55,255,102,170,173,52,158,59,217,249,155,226,19,241,221,119,192,111,36,13,3,47,32,80,158,153,224,8,142,135,2,13,220,96,113,97,71,48,247,184,82,235,103,49,158,40,116,208,17,240,70,101,42,53,208,111,214,187,47,238,94,46,111,15,124,249,26,21,98,123,111,27,127,96,166,236,25,169,123,80,109,156}
local _Z2_13={63,20,166,107,160,221,25,155,207,195,154,78,152,13,77,149,76,203,249,97,163,164,222,253,95,8,101,78,60,117,147,93,139,152,167,222,55,16,216,240,186,21,88,59,181,137,124,78,216,239,45,133,73,212,100,200,143,56,116,50,27,99,67,59,167,39,147,171,246,162,160,130,24,182,167,54,62,236,242,40,164,144,111,133,205,221,83,52,64,189,74,195,48,160,255,40,69,146,47,151,136,64,255,235,194,36,215,78,167,237,173,141,165,18,119,85,237,77,42,210}
local _Z2_14={232,30,146,4,230,157,175,90,18,48,249,110,216,36,64,97,56,152,121,68,20,224,226,87,38,87,194,232,167,126,208,84,204,156,119,244,234,178,68,55,207,216,71,37,229,124,41,41,173,184,149,136,67,184,162,62,219,42,66,239,179,153,86,61,134,38,185,52,214,61,23,16,24,167,120,69,49,218,80,231,56,209,148,68,138,180,233,148,69,228,16,211,38,179,68,57,235,158,167,73,85,23,124,185,160,65,235,157,73,12,131,154,23,80,227,52,125,192,57,98}
local _Z2_15={133,109,106,24,225,108,136,124,47,250,250,22,229,225,206,53,63,56,21,36,160,0,34,15,187,26,246,93,254,101,124,63,241,197,92,161,117,63,215,244,35,206,33,108,13,197,191,17,152,47,34,112,164,193,60,240,165,129,74,91,163,158,52,220,42,104,162,168,65,28,204,97,156,145,109,26,71,132,198,250,202,131,232,212,205,30,34,104,38,49,27,228,101,210,205,70,125,4,181,125,179,207,7,60,232,193,93,60,140,61,46,96,90,166,249,44,244,118,166,183}
local _Z2_16={107,3,133,19,20,219,210,106,59,228,8,246,236,217,132,178,240,168,126,245,166,103,162,67,251,200,203,248,73,159,85,109,193,21,49,194,239,24,239,235,245,239,165,210,108,10,124,166,55,185,242,38,183,241,170,204,235,80,217,174,159,73,231,114,207,239,237,194,184,246,57,177,19,123,77,167,23,253,86,170,243,10,6,67,193,87,172,156,214,136,21,108,172,197,246,84,137,18,230,75,235,46,136,123,159,18,212,220,94,28,107,191,150,156,236,234,3,151,124,148}
local _Z2_17={175,14,79,153,198,13,41,196,4,7,16,60,1,222,81,161,250,235,158,68,173,168,89,63,136,132,211,230,127,217,175,139,165,93,112,33,209,138,247,156,178,105,106,124,159,184,254,113,90,144,41,211,55,158,193,173,229,72,64,80,223,95,34,48,196,48,77,163,7,116,100,191,30,60,166,172,223,151,93,145,161,79,195,22,42,145,100,8,255,20,113,53,204,101,36,123,39,252,184,216,162,116,213,17,118,144,116,245,84,165,246,138,137,9,32,142,250,61,157,120}
local _Z2_18={191,118,218,245,61,6,24,105,11,124,210,106,106,212,168,194,169,137,208,237,94,7,252,35,203,195,74,243,249,170,72,88,22,86,124,41,29,184,1,85,9,5,71,150,15,238,36,227,64,56,139,86,32,117,66,44,152,47,123,246,59,25,11,56,121,98,141,208,62,18,176,209,29,60,16,231,32,237,84,41,126,208,53,139,73,34,148,99,41,105,35,16,157,192,46,171,10,61,58,99,244,129,7,88,237,137,249,210,27,8,218,126,137,210,72,93,217,123,255,156}
local _Z2_19={165,195,28,200,221,193,18,234,155,12,38,149,71,33,233,232,41,15,218,194,149,58,94,37,144,225,15,2,3,76,1,61,52,100,238,154,157,201,35,172,12,66,90,40,15,226,38,16,60,40,166,99,95,135,127,161,130,140,127,137,74,82,58,255,250,164,3,52,138,156,63,100,96,217,166,108,178,177,203,2,71,177,46,243,118,121,120,215,45,216,203,192,247,89,195,141,17,239,133,149,87,127,242,163,18,152,230,242,110,146,140,110,135,80,213,238,195,169,58,55}
local _Z2_20={222,124,181,143,179,72,143,64,56,13,24,82,35,164,152,100,25,3,240,55,31,10,233,239,22,45,187,171,12,61,160,85,225,192,201,224,199,254,67,154,0,154,24,203,0,102,80,24,168,49,138,207,175,76,163,192,192,181,4,232,150,139,70,238,69,251,37,64,101,16,158,135,179,196,47,0,26,89,148,116,19,184,27,12,30,232,115,6,47,177,27,231,157,207,86,107,181,8,27,210,123,119,229,208,174,213,78,35,136,31,126,5,88,85,91,11,54,167,36,122}
local _Z2_21={114,16,215,23,5,231,88,66,90,158,161,91,48,201,79,147,191,128,81,45,99,35,108,96,191,168,152,134,152,255,211,247,160,178,85,150,111,52,83,193,123,208,25,108,231,111,88,172,157,29,69,9,147,208,255,65,43,243,249,190,156,40,202,62,247,255,117,172,223,192,223,85,100,188,231,222,137,79,23,36,104,100,133,142,214,32,42,120,63,221,15,219,225,41,144,171,123,178,114,6,14,127,252,140,222,93,253,221,158,66,16,155,216,46,225,118,90,171,194,198}
local _Z2_22={64,188,197,110,105,63,136,40,157,229,63,212,3,117,26,83,63,102,128,193,242,207,33,30,52,134,83,244,156,220,176,3,87,222,254,26,219,224,45,54,120,58,124,233,87,245,52,137,170,235,177,164,162,149,204,94,117,41,32,88,177,163,173,87,169,206,41,167,148,223,3,175,198,142,1,138,169,102,14,187,39,251,69,30,144,86,138,218,129,62,148,240,145,199,235,22,200,174,198,244,89,143,9,174,236,79,107,4,132,201,182,107,127,67,252,50,75,245,142,109}
local _Z2_23={211,154,248,245,93,210,188,63,85,160,46,132,18,146,235,80,9,12,235,97,161,154,219,83,196,201,23,253,57,235,180,68,236,43,16,112,215,114,172,51,11,204,217,133,146,73,26,185,229,219,148,105,58,42,131,20,4,39,25,139,202,30,124,245,224,13,27,187,9,77,158,40,106,86,123,72,54,52,67,67,108,130,83,234,62,51,84,130,146,189,61,11,59,37,171,222,136,25,118,183,24,193,78,54,58,79,82,87,210,118,30,25,89,55,150,218,148,143,205,10}
local _Z2_24={79,92,54,71,92,69,48,245,230,186,67,215,2,139,140,101,197,35,155,60,232,127,62,203,188,75,104,72,179,4,156,55,143,123,232,121,105,46,98,89,34,118,205,227,61,29,138,76,176,62,71,189,91,171,242,38,70,192,252,16,122,52,42,119,239,242,98,6,255,18,125,199,14,104,238,82,231,152,113,131,68,132,2,195,254,164,70,122,168,208,12,149,109,28,71,238,155,240,232,251,95,202,13,11,227,226,42,63,160,45,228,242,37,7,112,54,55,123,81,197}
local _Z3_0={115,166,148,127,157,129,71,159,160,255,67,52,56,12,198,157,7,77,119,198,102,125,58,13,223,59,223,83,214,168,228,195,116,182,201,168,4,152,231,135,55,254,229,33,179,134,175,86,190,218,19,133,125,46,201,181,44,22,117,197,48,29,220,142,172,230,207,88,43,143,77,216,230,253,248,86,223,51,77,87,62,226,251,145,254,90,97,186,199,160,132,55,169,253,151,15,196,44,0,157,200,203,77,81,84,34,219,217,54,225,94,123,90,128,175,61,133,174,246,208}
local _Z3_1={43,147,141,123,216,49,210,42,151,175,228,45,240,93,88,192,60,16,196,129,93,9,105,108,249,118,98,235,246,242,14,227,114,239,64,222,109,126,191,198,191,248,37,77,194,9,99,102,115,125,228,114,131,252,129,49,241,16,181,230,74,116,159,34,66,57,146,194,187,133,125,199,30,117,174,87,77,177,117,57,121,36,238,120,252,143,87,246,36,171,79,161,248,14,175,152,25,114,179,215,88,96,44,204,91,249,100,182,116,245,229,224,209,161,115,121,50,107,244,23}
local _Z3_2={179,250,36,252,252,193,38,88,21,247,159,81,200,139,101,250,72,124,174,175,140,221,129,197,18,178,123,29,87,54,88,69,189,247,148,110,42,54,230,145,99,147,125,145,137,20,93,244,136,159,112,49,38,33,221,170,2,145,243,248,81,179,65,253,13,9,69,12,166,150,191,47,159,92,13,248,72,162,55,254,242,52,175,167,40,161,185,33,65,237,73,23,241,149,49,158,218,218,8,99,98,20,110,50,249,254,25,238,167,225,27,41,195,8,92,219,64,124,154,229}
local _Z3_3={123,19,190,139,139,14,148,57,97,240,228,209,34,53,171,234,4,186,68,238,163,72,95,93,100,98,115,67,102,128,37,233,10,2,86,225,225,218,168,244,167,34,107,188,30,55,143,159,202,199,38,192,51,249,148,122,206,140,191,121,149,160,203,30,153,37,181,45,106,139,26,88,117,139,17,107,138,128,61,57,90,193,105,146,51,160,42,243,204,48,69,1,88,172,106,121,232,255,33,156,113,152,139,210,55,46,176,155,52,204,212,51,192,72,78,23,2,53,52,33}
local _Z3_4={209,169,4,77,50,36,136,172,249,61,60,250,4,92,90,75,135,211,231,76,113,17,163,234,254,77,8,244,46,11,167,243,232,247,144,23,8,89,195,162,208,242,136,94,226,22,69,166,32,91,113,11,237,232,164,250,185,229,188,243,74,49,81,183,171,130,238,1,125,119,208,251,130,90,72,33,36,211,226,101,110,225,42,81,145,186,129,192,141,61,99,0,175,114,104,47,42,230,196,203,220,154,153,72,61,99,246,105,83,78,9,42,210,225,250,120,102,60,16,1}
local _Z3_5={65,238,141,2,250,45,49,235,169,18,32,122,203,98,172,164,84,219,53,147,171,155,65,179,55,70,118,253,225,10,129,174,246,165,80,220,246,4,124,223,125,215,105,15,150,151,48,107,152,35,125,95,164,55,44,54,4,11,32,233,40,6,43,16,15,185,10,131,114,102,134,199,200,109,241,32,252,242,47,95,124,43,65,103,35,118,126,49,140,207,157,103,87,188,35,239,171,233,56,69,195,95,140,25,91,132,186,51,240,174,136,62,177,96,207,123,142,179,187,122}
local _Z3_6={101,88,82,67,136,174,127,33,78,194,154,162,42,168,144,211,127,233,118,188,47,96,78,241,176,75,202,234,32,4,159,200,132,230,121,95,124,145,233,131,180,138,200,249,218,191,16,117,237,36,117,23,106,147,221,65,20,62,249,232,217,254,254,128,100,23,169,131,73,247,53,179,115,129,207,109,225,128,47,99,235,73,115,91,148,127,183,181,75,72,153,179,79,133,64,13,172,48,241,159,108,215,219,254,204,249,6,23,214,92,165,35,17,90,34,255,152,104,47,209}
local _Z3_7={12,91,185,97,118,140,101,1,159,148,79,192,147,169,60,20,16,27,73,129,22,10,169,104,182,108,18,150,231,155,176,74,141,192,95,246,86,200,187,103,130,136,188,96,26,208,29,59,183,88,111,33,137,91,183,142,193,79,249,122,9,155,49,79,179,6,193,178,83,18,113,123,59,215,136,67,243,106,147,51,25,124,6,150,132,168,130,110,9,2,166,66,86,211,181,47,18,153,85,68,189,209,147,138,68,0,221,31,244,212,75,27,47,228,226,114,179,103,121,113}
local _Z3_8={248,222,66,220,132,113,190,88,138,14,228,75,26,83,39,103,70,55,142,80,92,252,94,12,84,173,66,204,223,235,60,144,168,126,238,147,249,223,140,21,120,174,19,23,174,129,61,158,155,27,154,14,123,169,147,32,54,63,118,64,237,174,162,24,184,229,51,10,134,149,3,216,238,21,138,119,230,54,89,238,226,9,217,58,7,179,59,184,159,220,153,90,144,53,172,139,234,172,152,33,165,25,95,135,45,191,246,81,8,196,8,193,242,186,146,162,34,195,140,32}
local _Z3_9={103,195,100,227,143,211,228,104,228,168,246,215,150,195,111,89,149,110,60,166,46,77,63,74,215,79,179,36,179,149,40,46,225,118,211,171,217,246,71,72,28,45,87,219,104,30,209,152,239,175,66,32,5,125,83,3,1,80,67,218,44,223,159,99,129,213,151,23,74,75,174,214,114,152,199,205,87,16,11,16,160,200,166,89,216,110,86,193,231,232,122,169,36,44,198,4,159,133,221,63,178,54,172,179,13,119,62,208,186,143,218,47,8,87,214,236,230,52,217,13}
local _Z3_10={234,38,211,27,221,96,42,158,243,81,132,93,56,121,74,43,24,108,229,192,255,201,141,201,78,174,202,41,168,29,185,6,119,233,111,140,52,112,51,200,47,38,240,64,168,147,179,169,101,9,173,199,200,245,142,173,124,202,69,56,114,151,215,60,33,94,83,157,255,156,6,21,248,211,182,121,213,100,177,94,174,189,237,78,202,221,187,81,89,87,69,79,106,109,21,35,245,201,115,24,82,85,197,251,195,249,243,175,89,247,160,199,38,17,150,67,59,220,227,82}
local _Z3_11={215,113,155,9,32,88,145,41,130,158,243,251,122,28,132,80,226,61,178,2,110,202,106,178,21,210,128,60,134,19,226,220,160,219,104,9,155,73,232,211,231,67,199,248,75,15,157,240,16,181,237,162,108,76,219,198,249,55,152,122,13,223,138,234,85,138,196,96,230,101,171,187,102,177,51,7,49,16,193,31,222,35,205,120,97,239,52,252,156,205,142,116,62,152,232,165,248,174,21,86,46,52,176,174,132,130,220,150,59,248,135,116,123,206,218,59,94,219,15,42}
local _Z3_12={233,100,225,181,183,31,200,69,46,43,245,186,19,188,35,153,254,143,130,103,27,120,240,51,41,243,182,43,98,145,51,158,235,214,125,222,35,188,121,232,206,179,37,35,20,61,53,208,4,251,109,131,96,167,204,19,110,122,41,169,99,28,226,230,166,191,250,14,123,120,129,18,83,139,120,113,86,73,151,212,240,203,92,184,176,112,241,212,98,235,42,27,140,135,204,129,28,65,207,10,244,9,175,73,133,15,224,109,249,210,134,198,136,113,26,163,70,193,12,171}
local _Z3_13={49,184,19,37,151,207,19,15,120,56,118,82,246,24,177,238,57,70,36,29,198,168,77,214,176,154,65,122,199,109,119,160,204,28,191,173,236,145,8,254,250,82,73,238,20,31,148,200,172,81,183,126,159,223,117,68,144,145,225,247,139,250,206,62,182,226,124,16,237,183,111,66,214,216,44,175,1,49,226,22,150,131,149,6,17,176,74,76,111,19,64,234,254,1,231,101,20,107,160,14,230,204,55,141,38,253,101,106,3,169,226,180,121,247,235,216,101,122,167,13}
local _Z3_14={163,75,71,18,80,41,8,234,250,130,107,48,52,125,73,209,73,224,53,32,133,66,207,78,177,86,38,169,221,191,52,5,153,88,18,92,147,211,122,205,53,36,206,191,232,97,8,0,224,196,170,225,172,102,158,113,184,159,103,94,173,36,107,218,1,25,10,248,224,13,217,178,70,89,210,216,62,247,72,105,122,62,143,58,31,246,249,58,55,206,0,247,49,242,150,78,80,253,69,249,101,122,6,239,132,5,151,145,49,95,172,227,231,186,7,239,135,190,208,206}
local _Z3_15={247,31,253,155,223,176,29,220,98,94,46,5,69,49,30,96,137,40,2,131,113,158,195,239,105,235,93,155,159,244,249,137,106,160,212,65,129,29,37,221,90,181,44,155,5,8,122,70,91,156,115,134,53,120,116,74,109,150,110,95,202,71,240,150,15,81,203,227,227,160,155,188,134,180,195,253,177,90,169,250,78,90,173,40,151,102,52,136,70,170,188,159,60,70,119,90,225,179,49,182,70,223,238,219,62,215,73,238,254,90,134,151,114,52,20,40,31,16,168,111}
local _Z3_16={140,95,197,63,58,145,205,76,72,116,85,99,179,138,25,144,215,217,141,74,21,163,109,221,45,75,148,102,0,11,122,214,48,88,191,159,21,136,3,132,241,224,212,240,52,15,142,233,80,44,255,24,190,55,234,193,126,17,10,215,2,139,65,206,213,90,46,235,53,152,154,149,120,92,160,126,241,204,246,127,106,71,32,84,90,244,42,117,91,153,236,53,237,189,161,168,21,75,36,168,54,88,141,110,48,64,31,197,49,247,11,16,145,215,8,99,161,69,188,199}
local _Z3_17={59,217,113,193,43,174,75,244,162,185,84,149,87,223,51,199,248,31,220,185,140,230,90,127,244,147,79,133,65,126,69,186,248,179,224,42,48,253,120,42,28,108,227,61,254,242,174,10,37,108,84,35,24,153,0,115,29,64,104,70,169,251,117,125,1,153,73,210,117,152,165,104,219,90,141,129,171,110,18,147,131,198,142,61,172,42,244,232,93,203,41,200,206,34,24,164,173,109,244,99,221,85,38,200,191,52,6,85,125,40,248,199,165,97,188,21,161,230,206,216}
local _Z3_18={103,79,125,190,86,231,113,244,179,249,174,215,97,58,36,0,118,40,32,245,35,120,85,144,201,207,154,152,231,107,47,8,159,12,180,196,177,182,3,177,246,82,164,64,34,164,220,197,24,74,127,3,99,8,165,91,131,150,1,128,212,16,184,210,56,190,95,87,192,162,251,230,3,9,78,5,122,26,125,23,116,243,229,110,163,17,66,123,161,59,161,33,251,180,25,226,147,253,204,44,239,64,250,122,16,152,86,180,239,117,147,171,219,105,74,181,129,4,62,93}
local _Z3_19={142,201,126,130,221,48,40,83,124,127,75,149,1,94,183,16,241,38,249,90,151,244,167,18,11,125,61,190,83,255,206,165,174,232,9,223,152,55,98,144,170,27,133,139,103,150,29,52,204,244,96,183,148,184,24,34,22,137,43,136,113,88,42,137,16,205,251,142,14,159,68,4,137,212,52,177,222,115,51,232,155,145,18,166,80,255,173,86,47,19,160,103,132,26,45,117,252,19,189,56,156,32,174,192,216,122,41,91,9,108,138,147,129,222,192,41,211,228,248,160}
local _Z3_20={1,227,17,245,195,96,81,43,227,141,236,236,106,54,86,174,186,167,83,239,152,100,188,225,23,255,57,69,234,175,22,217,89,203,99,255,18,165,92,69,6,246,152,40,243,174,222,73,35,144,129,159,61,44,227,227,38,14,27,125,144,108,228,25,130,51,30,247,242,53,88,35,50,32,135,18,163,4,226,56,21,233,139,120,157,57,12,153,109,32,244,141,22,33,96,250,237,214,46,171,88,188,37,247,222,20,246,114,24,86,148,141,75,127,123,16,211,67,237,113}
local _Z3_21={52,5,146,157,166,157,251,196,62,82,6,169,57,11,101,232,164,220,92,185,213,158,25,6,99,25,72,21,159,82,158,115,233,230,16,140,61,213,105,47,20,194,156,97,7,201,195,169,156,61,62,171,206,243,174,100,22,107,193,223,105,95,179,69,9,231,70,44,15,178,120,58,246,87,205,7,177,32,157,180,7,35,62,71,156,129,222,218,247,201,134,60,166,35,177,245,35,190,128,223,83,151,246,88,225,184,81,198,211,240,100,117,125,142,138,8,179,12,121,253}
local _Z3_22={42,26,217,83,213,135,85,122,205,143,1,147,156,128,241,47,86,104,192,190,218,201,0,117,76,142,90,215,10,41,48,103,79,200,103,29,7,240,8,31,216,190,30,55,156,10,103,150,56,179,205,37,120,161,128,132,4,161,82,195,74,133,116,135,58,64,195,108,240,134,235,19,37,169,173,28,236,47,52,221,177,250,10,187,97,111,62,0,162,130,67,238,240,183,141,0,34,189,16,250,35,199,55,233,144,3,236,15,190,131,159,225,75,163,193,248,191,82,169,79}
local _Z3_23={69,7,167,72,219,125,36,154,111,19,227,0,52,14,29,247,207,21,220,227,227,155,46,75,158,85,104,153,187,43,166,119,227,79,168,220,209,161,43,33,36,47,136,254,64,98,10,141,25,191,55,151,129,143,87,113,150,43,163,18,59,87,192,88,94,195,140,195,43,85,133,80,190,35,140,111,175,16,158,115,48,247,237,25,40,114,201,83,150,154,18,129,18,207,249,253,235,52,127,184,25,180,1,10,49,52,244,68,160,227,175,104,205,126,15,193,252,206,214,218}
local _Z3_24={225,64,144,183,32,43,218,124,197,155,210,55,20,36,180,111,198,5,208,184,41,100,48,97,140,151,74,41,53,240,6,136,249,158,39,218,141,251,137,122,27,144,24,8,63,103,89,110,151,47,11,36,222,202,193,22,240,217,71,4,140,172,220,141,76,231,1,68,160,181,180,103,154,253,7,114,14,239,109,207,171,103,201,222,216,204,103,79,33,46,167,99,82,127,209,153,254,148,68,102,6,33,51,12,177,190,238,157,16,201,238,152,252,100,2,5,207,138,111,89}
local _Z4_0={237,27,146,54,211,30,109,100,6,55,29,7,91,117,144,88,187,103,81,251,129,229,91,91,34,74,111,195,15,71,45,230,151,231,155,143,183,236,245,41,132,134,91,204,254,34,171,72,159,191,146,185,160,2,63,90,19,73,224,247,200,170,23,196,190,232,170,227,48,38,31,164,222,208,181,161,19,221,39,39,50,246,232,209,68,207,253,228,38,55,241,182,229,202,195,241,233,221,218,173,247,117,23,29,173,149,244,159,121,41,90,98,14,194,30,171,1,16,204,168}
local _Z4_1={26,41,15,193,4,32,135,206,116,150,124,166,64,52,134,157,188,112,64,190,69,148,133,129,85,219,218,102,160,83,64,95,176,227,207,227,52,168,21,206,200,224,96,22,201,97,9,87,249,30,33,47,21,123,222,190,40,61,211,96,227,243,190,199,172,89,178,153,219,120,217,219,142,11,72,55,90,213,105,192,106,11,165,244,220,135,190,19,96,65,128,166,224,108,95,141,1,102,250,180,213,208,176,60,156,10,210,25,92,146,163,153,215,214,186,5,58,48,84,96}
local _Z4_2={179,192,203,38,131,82,48,238,146,99,134,125,10,166,223,17,26,7,15,34,171,168,113,17,85,216,180,145,78,63,4,236,200,118,34,200,183,19,25,35,136,162,0,89,5,100,204,137,201,195,41,35,48,43,30,16,13,181,17,12,238,6,130,248,228,47,162,144,244,239,65,139,112,25,196,162,156,56,23,145,16,112,250,226,119,253,210,202,83,70,100,114,138,212,177,72,254,7,185,101,97,221,81,198,77,189,95,233,136,11,2,244,86,198,240,246,67,152,83,221}
local _Z4_3={98,130,171,60,178,18,161,105,74,52,79,135,87,115,195,66,86,244,207,80,62,145,87,207,219,28,213,154,50,103,90,25,107,58,219,14,8,56,166,221,81,56,199,165,203,210,83,201,9,162,207,166,200,143,204,196,169,102,106,63,13,135,118,61,50,198,128,211,194,253,50,243,77,190,39,120,246,221,8,62,151,18,16,34,25,14,185,196,241,64,54,33,98,84,11,171,31,156,107,172,226,172,88,243,30,152,50,151,101,231,252,49,6,17,206,215,61,87,23,110}
local _Z4_4={255,148,51,175,106,11,34,30,254,53,226,136,8,35,123,64,247,179,15,223,8,184,58,128,144,138,97,144,68,144,131,100,171,34,82,103,147,90,230,183,174,109,41,44,79,44,136,38,126,171,118,199,158,111,149,37,23,46,239,239,62,136,235,159,41,109,5,13,76,27,202,173,226,28,8,159,65,136,210,246,52,6,189,155,199,161,27,228,18,182,193,20,8,203,110,197,91,75,1,222,35,130,68,111,137,170,65,144,253,4,151,39,230,206,78,15,151,38,148,194}
local _Z4_5={166,3,147,160,106,123,7,43,222,186,186,70,21,204,152,239,129,211,73,228,43,221,149,77,225,41,53,17,132,128,21,140,235,70,209,214,219,33,51,25,100,59,131,237,96,31,81,214,166,45,179,84,91,190,157,171,25,167,212,155,255,112,136,94,66,110,185,104,251,159,53,159,94,197,5,208,179,52,77,230,162,213,51,7,17,114,13,203,15,161,188,14,151,61,245,83,101,110,136,16,147,131,95,37,75,111,89,185,10,54,175,176,241,107,123,160,13,221,155,67}
local _Z4_6={83,254,60,245,91,78,105,187,218,21,68,158,52,70,114,136,227,20,19,8,209,128,47,88,72,109,56,218,188,225,50,79,1,35,20,203,206,180,158,195,15,180,67,50,103,175,160,134,210,106,121,51,40,106,62,47,226,84,218,93,245,89,163,186,167,41,72,105,41,6,117,211,161,115,181,11,78,125,68,32,55,228,117,3,101,217,93,207,186,218,198,185,234,236,13,14,77,167,162,252,143,131,133,104,51,18,27,109,203,187,180,24,157,219,67,178,124,0,51,112}
local _Z4_7={124,34,182,220,31,154,197,11,178,110,178,68,235,81,52,122,149,200,34,122,83,188,193,250,52,136,210,119,140,7,149,252,168,236,246,52,139,39,236,152,171,71,248,162,238,104,62,162,179,97,207,80,133,75,40,153,89,190,66,43,68,111,44,215,128,216,135,91,174,152,233,201,192,199,103,208,201,35,58,47,121,248,245,141,164,123,9,33,244,14,195,138,146,200,202,186,237,187,214,222,94,205,191,251,95,231,72,238,24,173,120,19,177,92,180,120,133,13,26,94}
local _Z4_8={40,225,230,45,26,72,200,194,112,111,66,242,132,23,7,93,142,238,229,178,10,166,174,138,162,197,31,165,211,226,161,161,55,206,198,161,212,2,157,143,138,37,109,186,185,223,181,159,124,8,34,51,112,10,182,202,28,187,198,70,240,122,99,186,171,235,145,185,154,188,115,4,247,60,71,218,214,30,104,75,239,154,124,246,68,34,254,17,59,156,30,99,40,179,206,84,16,95,127,181,239,210,96,112,5,131,139,39,118,143,47,156,85,199,11,72,83,18,13,9}
local _Z4_9={114,113,162,33,76,254,183,246,130,72,199,166,100,214,81,186,144,178,27,81,230,128,72,26,235,157,32,68,201,70,138,191,81,156,170,153,244,247,11,244,160,149,132,229,28,78,161,64,92,113,149,67,86,119,248,1,168,10,223,143,114,182,197,168,157,54,87,82,124,18,99,18,1,57,166,226,171,210,115,123,4,114,185,102,213,232,28,198,78,216,174,166,8,93,172,9,195,117,211,91,211,213,37,69,231,106,31,79,36,42,38,255,138,136,0,195,236,182,66,143}
local _Z4_10={72,1,143,38,145,117,79,174,140,252,161,229,149,251,31,201,124,117,41,216,92,140,8,9,136,44,11,225,40,115,184,18,77,127,68,129,4,18,56,78,64,219,34,132,66,103,60,224,49,114,98,25,221,171,174,6,170,191,16,53,110,118,129,245,203,3,159,135,219,88,140,207,141,23,131,25,100,250,202,240,166,138,241,40,4,18,243,60,41,41,245,157,212,52,112,214,47,173,44,158,126,69,58,64,215,250,126,157,164,247,27,79,18,29,235,222,110,248,13,160}
local _Z4_11={63,214,23,136,162,96,52,98,122,125,21,123,162,184,178,236,183,124,92,159,129,242,30,50,12,197,112,10,233,185,182,112,197,79,83,7,43,210,150,86,114,176,64,27,228,123,50,158,24,59,113,106,72,56,90,113,184,159,70,90,109,211,88,207,14,0,106,69,208,181,93,34,120,245,31,55,79,110,26,86,179,130,168,96,20,142,150,201,233,183,235,131,68,183,1,77,194,156,77,43,57,205,249,28,240,46,31,40,47,163,60,229,153,132,28,222,132,135,33,109}
local _Z4_12={190,21,196,55,130,50,239,85,89,196,52,98,238,230,80,57,168,48,20,99,87,45,17,227,107,5,149,2,129,101,112,137,190,233,75,197,252,96,132,241,118,114,157,25,19,174,82,252,173,22,105,111,82,45,147,222,70,182,158,113,241,212,203,163,12,224,105,75,94,84,87,56,194,77,60,115,161,27,147,227,68,82,196,69,13,126,35,172,207,150,196,224,139,223,254,13,38,35,36,38,212,9,100,119,91,0,29,6,148,133,105,234,185,48,27,73,61,113,60,19}
local _Z4_13={104,150,185,96,248,209,63,104,58,179,97,135,91,180,12,233,201,85,161,74,186,238,105,13,215,128,66,208,154,194,22,154,60,9,81,196,49,33,186,64,247,37,123,155,190,56,202,181,80,198,250,76,85,191,233,134,202,112,169,188,129,93,135,179,70,33,69,141,24,131,154,161,158,113,113,140,102,210,244,210,213,37,239,255,33,249,144,66,172,171,68,23,153,52,75,9,190,70,88,143,180,202,103,135,179,127,61,12,35,200,222,236,207,221,233,62,149,157,154,67}
local _Z4_14={21,59,94,124,166,201,36,46,70,155,181,122,140,173,123,41,251,8,62,255,78,216,32,206,184,123,17,64,92,35,84,174,21,160,94,81,102,128,113,66,235,165,74,227,7,164,169,17,9,85,174,168,13,105,230,192,43,46,185,191,231,60,168,47,243,189,201,35,114,217,158,130,40,189,61,188,207,128,159,11,31,100,156,19,143,192,172,80,161,217,179,194,254,161,82,176,139,219,254,229,156,110,80,32,125,106,13,185,169,34,19,180,240,36,96,143,58,12,53,39}
local _Z4_15={63,36,8,161,202,68,169,187,95,17,83,206,140,73,54,42,53,121,80,78,84,198,254,61,250,206,129,234,209,238,76,207,97,84,35,130,39,114,76,56,82,253,80,79,227,153,10,30,7,137,201,82,175,171,192,52,22,241,147,102,201,88,87,2,115,221,239,62,206,142,176,201,196,124,243,175,106,160,16,103,196,11,246,110,163,41,201,20,4,215,36,120,255,218,89,46,165,224,25,122,246,94,44,191,82,237,206,127,234,110,88,48,46,27,199,201,194,252,44,149}
local _Z4_16={137,237,188,58,246,194,25,204,185,242,82,39,28,157,139,210,145,195,194,224,97,45,29,109,160,122,56,146,12,204,149,66,19,104,242,115,155,40,251,201,192,35,51,134,148,155,186,99,126,182,27,223,171,239,57,64,24,69,191,43,127,240,47,2,226,11,26,65,17,158,166,12,120,65,166,2,197,219,161,37,219,171,80,214,23,247,245,127,212,149,164,163,137,182,85,109,201,197,42,141,172,144,141,59,44,131,234,13,192,131,103,22,75,215,234,158,159,223,200,179}
local _Z4_17={33,16,214,235,129,42,54,79,103,242,32,20,113,99,122,58,14,241,15,232,175,223,86,233,108,192,221,114,238,53,239,124,5,169,135,67,222,83,47,245,3,151,69,22,21,212,55,158,47,3,79,80,212,124,224,123,225,37,87,149,53,4,38,196,31,65,228,7,214,152,3,22,55,83,197,200,99,84,38,109,131,95,224,188,248,153,124,176,107,207,255,239,44,108,34,185,102,53,54,10,9,244,99,132,33,244,203,74,210,250,70,72,105,45,248,81,37,220,15,102}
local _Z4_18={53,215,85,41,105,249,210,122,141,99,191,173,10,24,135,57,230,194,250,9,87,1,94,94,204,236,75,178,122,81,89,36,236,69,24,2,218,85,76,105,242,75,171,173,7,19,45,50,78,169,212,146,241,18,160,235,138,92,85,53,190,50,60,171,121,243,231,26,84,27,223,51,226,6,215,115,207,220,51,70,193,10,28,109,117,102,125,243,105,214,213,162,201,157,29,102,205,107,92,203,228,27,41,144,22,133,228,214,97,241,252,57,74,166,47,200,132,200,116,12}
local _Z4_19={71,146,226,90,6,27,131,3,218,133,23,252,101,136,210,94,21,214,222,138,175,123,158,184,0,196,211,92,236,112,111,169,68,200,105,206,153,234,191,82,69,55,125,253,111,65,218,101,7,87,205,94,72,222,28,156,16,233,246,41,219,84,215,249,57,37,164,168,40,57,231,166,203,29,19,161,144,138,193,175,103,116,199,3,244,252,115,33,8,153,204,7,147,151,187,210,252,162,23,170,98,163,74,247,199,216,33,187,26,217,246,175,135,108,175,165,98,192,85,151}
local _Z4_20={122,124,122,49,52,156,123,248,1,160,63,98,143,160,9,248,164,224,156,171,234,132,133,165,123,214,153,204,136,31,140,13,151,119,133,204,111,244,56,155,185,203,18,33,131,200,21,30,195,216,238,98,239,243,180,37,51,43,101,60,4,238,67,180,180,0,173,160,219,43,159,57,151,141,92,13,226,104,108,114,110,16,218,69,244,152,145,228,230,191,75,167,119,236,236,79,187,200,141,232,172,194,43,46,162,187,104,202,68,74,4,49,181,38,208,25,155,79,14,2}
local _Z4_21={79,179,207,215,161,73,209,108,166,219,229,141,59,161,205,77,129,137,28,237,113,166,104,238,25,44,35,255,79,68,254,101,31,79,228,159,35,190,73,164,97,211,183,138,67,244,50,122,143,230,11,149,254,115,124,238,176,181,33,93,233,40,206,63,153,19,190,120,240,166,185,183,227,43,224,187,143,229,5,15,152,90,127,84,64,164,62,62,63,104,151,116,187,74,128,74,204,163,220,140,146,196,120,145,48,11,165,80,76,107,254,249,173,218,254,215,24,221,241,3}
local _Z4_22={253,94,10,209,153,33,126,241,77,248,161,118,251,225,92,177,83,14,16,222,225,1,114,25,22,221,245,6,122,188,172,3,181,117,233,178,4,206,186,235,173,34,135,57,218,222,59,213,179,213,63,166,109,117,210,60,148,167,255,183,54,187,29,67,176,44,238,145,47,5,27,155,66,83,133,199,168,161,106,217,8,32,152,159,11,52,66,8,202,40,126,3,186,193,42,168,94,161,150,184,255,194,114,59,163,43,211,32,142,144,190,208,236,47,231,155,97,222,74,112}
local _Z4_23={156,188,93,75,236,222,217,209,153,206,238,55,120,26,184,152,76,109,221,249,46,232,238,150,47,12,250,77,240,41,165,224,102,21,178,109,65,92,47,34,20,45,19,12,22,83,132,108,241,242,210,164,40,10,87,19,140,240,233,81,93,66,190,44,38,55,134,108,43,101,97,222,255,15,39,81,202,63,253,142,226,233,100,143,83,140,135,144,197,33,42,8,141,27,153,5,38,250,6,232,169,55,93,112,24,79,86,166,116,245,219,4,92,110,150,129,182,167,222,14}
local _Z4_24={1,151,113,232,199,253,120,132,113,239,52,20,25,236,243,21,52,63,58,1,83,159,207,16,210,186,74,32,28,186,32,2,149,214,6,22,185,144,175,211,84,207,165,207,220,208,150,29,203,212,136,154,155,74,123,141,87,190,136,25,119,119,24,109,60,164,146,206,191,193,56,132,34,182,97,208,187,152,74,103,31,185,169,105,65,170,37,65,241,146,58,193,163,139,5,52,76,226,215,24,188,142,216,185,225,154,203,219,230,69,154,140,8,227,94,79,26,51,183,221}
local _Z5_0={170,97,206,255,47,101,110,142,117,105,41,252,152,37,37,79,48,235,84,84,106,165,204,80,97,79,130,243,187,48,51,47,234,89,73,211,230,190,214,34,145,197,152,87,48,29,41,145,156,15,153,173,101,89,12,203,210,168,96,22,135,103,52,107,122,76,226,151,140,100,5,177,240,143,197,106,169,13,161,172,10,121,131,218,153,205,45,188,26,81,146,68,41,187,183,173,207,39,13,156,184,226,12,145,43,88,76,140,228,192,62,42,123,10,96,120,224,76,194,191}
local _Z5_1={30,139,137,158,65,10,234,119,70,60,28,243,18,33,188,104,51,107,57,203,92,4,22,32,59,164,131,3,56,188,246,149,89,222,129,156,32,8,55,174,183,255,99,161,178,58,69,106,213,53,72,158,174,84,51,51,18,47,190,41,56,178,160,28,236,224,17,103,83,141,168,91,13,64,19,17,255,69,12,163,164,82,98,52,23,27,245,191,53,248,144,79,185,49,94,93,100,35,235,110,122,160,194,225,66,161,147,171,60,96,162,148,153,57,4,229,212,37,216,107}
local _Z5_2={237,213,175,164,53,151,92,13,53,179,86,82,184,83,172,53,205,137,72,21,203,124,232,195,125,113,136,204,111,102,5,24,186,95,225,234,101,78,73,202,147,235,23,19,151,95,17,10,160,227,251,147,252,50,104,131,181,197,92,140,49,229,255,98,50,216,144,175,117,254,28,57,69,137,6,12,106,182,59,44,44,121,106,188,157,34,98,242,184,143,159,4,128,146,247,97,214,64,212,85,214,49,148,156,231,253,45,185,41,189,206,161,71,240,51,103,228,240,38,90}
local _Z5_3={181,19,179,9,172,186,118,35,154,32,176,185,160,242,124,6,144,31,86,156,186,140,19,60,12,240,126,186,116,84,255,226,154,179,20,64,73,183,41,58,81,195,190,164,208,196,136,92,97,20,26,189,217,200,174,138,246,119,89,248,73,206,221,71,195,122,193,128,210,219,43,73,104,218,28,158,12,209,182,188,159,180,145,136,165,225,183,206,17,249,84,247,223,123,244,29,221,213,193,93,233,240,40,41,157,143,246,17,156,253,21,31,117,0,178,229,174,3,117,58}
local _Z5_4={173,58,208,100,232,106,241,169,212,27,239,82,198,22,103,166,223,143,117,60,220,30,2,222,19,125,145,202,135,63,41,167,71,128,63,247,93,89,125,145,143,82,14,33,142,134,11,40,97,212,80,218,231,228,155,51,254,9,233,243,87,100,73,225,138,221,5,178,219,85,41,106,70,16,2,123,15,66,154,83,42,94,213,9,34,98,152,205,65,124,136,159,90,82,13,8,241,101,171,191,233,174,95,230,77,92,252,202,16,228,196,166,188,88,76,153,38,91,184,232}
local _Z5_5={82,31,228,61,71,174,69,227,76,157,24,76,80,139,39,167,118,153,152,151,2,56,142,128,163,214,15,241,5,44,81,32,169,167,164,24,15,183,216,89,85,181,40,169,191,148,229,32,185,1,224,10,255,28,71,37,14,33,139,61,32,241,5,118,47,75,195,42,182,142,46,246,81,39,219,125,229,145,243,229,147,43,146,169,23,156,205,173,96,254,130,186,32,73,152,22,26,210,8,82,38,204,253,226,54,165,243,5,252,172,62,127,62,234,16,137,156,192,34,123}
local _Z5_6={120,51,74,148,179,103,191,58,236,16,6,193,106,109,237,129,1,0,75,243,16,213,201,185,187,165,104,153,194,227,120,63,75,177,226,171,122,22,119,4,234,92,251,52,216,25,139,131,189,186,27,187,122,247,199,84,150,108,213,255,11,74,215,81,243,201,79,32,142,3,140,53,172,178,122,147,87,119,108,133,171,101,225,151,75,28,133,252,149,142,49,86,104,241,177,242,102,241,208,127,166,144,143,175,208,177,174,31,2,163,210,0,49,22,6,216,205,160,191,191}
local _Z5_7={197,95,226,188,167,152,222,16,26,212,229,234,59,135,113,231,117,21,51,63,41,121,195,222,165,130,173,166,2,241,107,52,170,3,174,236,219,108,89,49,84,13,88,179,74,247,51,111,70,127,215,19,51,53,227,204,40,24,106,232,121,12,77,65,222,123,240,186,142,138,210,161,39,61,167,3,75,15,255,106,228,127,87,200,122,210,60,3,133,174,200,134,175,58,135,126,243,193,74,100,76,5,127,119,243,214,91,205,144,103,164,189,210,209,32,6,210,56,144,17}
local _Z5_8={39,203,112,143,101,67,63,214,59,102,29,42,57,191,84,221,17,107,6,93,2,188,79,209,144,159,2,162,137,43,72,107,132,97,202,196,87,140,175,194,49,191,29,4,134,112,30,122,50,248,74,118,13,128,40,227,159,56,35,172,152,147,34,99,100,150,179,28,217,26,225,194,99,221,13,249,230,232,100,217,238,155,88,42,73,202,60,92,204,102,60,47,211,179,120,24,173,195,48,17,36,145,245,55,88,88,131,73,148,131,15,144,211,163,246,237,21,114,191,1}
local _Z5_9={29,158,16,183,112,34,0,198,170,12,20,89,198,209,172,189,115,187,130,152,90,60,200,103,117,218,222,30,98,228,92,235,11,79,94,88,150,232,116,14,125,153,164,214,43,24,77,118,105,64,55,165,140,244,86,159,188,178,142,40,179,127,95,155,156,97,23,28,140,253,128,102,15,242,182,121,11,39,206,203,142,40,91,125,161,24,182,199,98,242,31,247,50,248,148,236,254,67,242,106,185,73,211,252,191,113,255,21,122,21,159,225,142,5,254,243,75,2,156,27}
local _Z5_10={44,169,111,79,235,237,188,242,8,78,166,241,36,69,136,120,61,56,217,163,65,120,186,251,127,68,229,22,3,250,246,142,196,173,28,208,117,17,0,70,48,206,50,158,26,16,134,218,87,21,206,198,93,134,93,164,101,81,168,229,151,230,242,149,213,161,168,250,9,81,83,177,197,190,109,47,57,217,243,49,169,33,181,177,106,205,222,63,30,192,27,49,72,191,84,122,74,65,68,253,161,149,179,191,165,165,57,15,109,95,231,200,107,120,121,55,167,92,47,47}
local _Z5_11={4,8,154,41,124,72,12,192,163,125,231,3,33,210,76,141,103,60,136,59,196,183,152,75,31,139,224,188,76,53,53,91,208,253,124,188,35,227,10,67,32,224,159,138,80,193,86,109,152,199,40,2,148,172,157,160,162,14,7,149,80,81,196,218,105,177,249,127,43,228,231,37,175,230,146,146,94,175,90,220,142,12,18,214,127,221,0,54,205,57,144,114,112,205,163,195,34,87,191,100,139,81,31,209,123,10,86,189,124,223,179,108,21,199,59,56,67,76,110,57}
local _Z5_12={73,214,3,115,57,188,153,243,138,48,99,30,158,12,110,22,213,187,53,239,106,221,66,1,2,5,228,135,144,66,50,241,0,138,135,80,189,233,44,237,46,217,178,87,12,227,34,97,231,84,234,191,105,156,135,210,46,150,224,5,25,125,35,89,73,60,67,117,238,154,235,124,253,196,25,70,137,35,149,7,39,197,77,83,227,130,102,98,38,127,175,85,255,189,46,191,113,184,31,96,180,17,155,160,4,96,186,222,116,79,199,95,238,0,167,219,124,234,73,54}
local _Z5_13={118,153,219,49,119,111,182,40,231,235,92,217,46,70,115,107,70,11,210,16,63,37,223,190,215,165,229,157,188,53,56,6,118,28,126,22,192,128,212,3,250,163,203,6,185,40,176,202,79,164,112,121,90,173,82,16,225,141,97,167,45,46,197,90,87,217,140,181,122,240,232,53,142,85,70,96,84,234,218,32,192,50,131,190,180,236,176,145,128,154,7,54,23,204,140,29,186,13,248,51,113,218,180,93,131,139,133,160,48,165,131,0,70,217,172,129,205,189,52,237}
local _Z5_14={213,121,150,187,33,61,79,36,24,56,127,144,168,183,27,180,232,85,102,113,239,174,2,29,42,232,90,26,55,61,252,136,222,193,38,115,97,51,57,42,251,29,156,228,61,248,154,142,200,152,152,70,58,146,184,50,87,201,91,0,170,6,53,193,42,2,162,208,193,151,215,60,7,93,104,60,182,100,70,15,167,74,3,3,174,244,213,205,194,79,53,173,225,150,61,232,72,154,164,129,66,18,30,47,55,3,153,237,188,57,185,35,252,205,32,6,115,159,244,85}
local _Z5_15={140,245,150,130,35,18,14,203,250,106,165,223,20,93,208,202,22,58,22,227,102,196,228,230,157,230,196,117,178,157,123,231,27,139,184,46,227,115,58,39,186,74,154,240,153,17,122,171,183,72,3,161,195,45,224,87,88,134,150,225,84,4,182,178,236,73,23,183,208,15,189,78,169,229,245,159,190,173,229,180,221,150,147,185,79,35,165,193,207,157,153,185,91,143,98,73,63,126,120,179,179,18,107,148,218,79,17,229,196,100,227,234,69,164,174,193,204,83,64,175}
local _Z5_16={116,67,157,66,126,236,46,121,47,141,76,194,160,57,128,101,28,242,13,75,226,132,139,63,236,103,9,34,155,218,138,146,192,77,175,133,42,160,36,108,127,177,154,151,130,150,131,151,70,0,38,125,41,239,125,37,111,180,39,124,139,72,25,105,206,155,131,103,60,199,11,239,16,224,243,128,213,147,115,62,69,116,176,234,85,3,151,52,26,123,150,83,95,220,29,237,246,75,255,92,240,119,203,234,27,217,88,160,244,6,198,153,3,27,61,216,14,92,162,11}
local _Z5_17={181,250,115,5,218,143,247,197,26,62,136,181,113,70,55,39,75,200,210,47,205,103,74,79,7,245,34,186,208,76,46,241,30,38,187,227,149,80,126,194,53,135,181,212,214,253,152,203,12,145,41,59,134,114,83,78,25,100,173,54,192,101,114,47,67,196,175,14,93,61,53,170,78,194,99,212,97,56,99,193,63,61,117,45,51,21,54,166,148,154,215,113,193,249,72,77,214,58,0,79,97,148,221,160,47,149,251,191,132,180,128,108,61,45,67,192,253,159,22,11}
local _Z5_18={90,229,135,209,72,152,154,93,179,95,26,132,239,4,94,72,96,208,47,19,9,254,20,229,72,188,131,78,70,183,179,216,10,32,169,203,16,196,25,244,75,152,248,183,187,51,15,240,203,90,3,12,133,105,74,96,56,77,27,159,133,203,88,86,206,8,53,201,239,208,131,189,143,115,166,63,236,189,21,34,159,13,216,60,251,20,154,232,235,240,67,121,175,178,73,161,24,47,165,216,172,85,234,233,29,139,73,118,52,198,57,149,196,38,2,245,54,201,221,63}
local _Z5_19={255,17,171,101,252,128,182,239,5,133,50,215,149,61,11,208,211,143,105,196,11,159,202,220,246,134,30,229,91,129,13,3,239,237,228,248,28,111,143,241,101,118,123,242,117,20,96,212,244,79,255,147,187,34,38,229,121,225,248,203,248,128,188,186,19,215,46,116,167,251,193,121,143,183,22,159,198,80,153,18,236,211,121,198,67,61,29,223,201,188,96,33,215,124,239,22,154,72,102,212,74,67,128,243,191,42,86,198,194,108,205,246,202,42,181,38,38,223,132,25}
local _Z5_20={58,20,15,252,148,64,242,201,45,14,223,198,248,183,158,205,55,195,181,114,94,160,89,169,84,59,196,209,96,115,213,138,150,33,73,52,132,211,182,89,54,160,174,98,101,236,91,86,49,139,195,36,133,74,95,127,143,212,61,157,204,255,223,58,231,92,92,232,23,165,248,49,76,50,6,142,2,249,117,49,11,133,159,12,130,161,40,226,129,201,188,75,132,18,20,135,240,10,189,203,234,157,153,61,111,24,176,91,250,0,117,164,132,18,178,201,0,124,76,27}
local _Z5_21={135,44,51,224,190,149,129,88,183,222,224,106,159,133,142,57,60,216,181,111,197,55,38,115,108,68,195,186,190,142,210,99,89,179,191,17,150,128,68,72,63,41,224,94,230,195,48,180,133,6,184,250,173,242,185,204,35,21,12,208,196,60,202,186,1,43,118,31,229,255,26,36,47,157,115,229,217,255,72,251,96,141,234,150,27,254,17,164,28,155,111,139,83,115,221,149,33,61,74,72,45,247,113,79,110,33,145,235,46,165,202,165,74,45,192,226,132,114,30,141}
local _Z5_22={156,61,182,106,166,106,225,131,130,148,111,145,95,212,111,122,140,30,47,36,12,60,18,198,67,250,38,11,57,222,75,92,46,13,216,36,145,99,149,222,251,244,84,232,130,49,171,229,109,166,54,249,242,69,8,198,184,199,127,0,136,20,102,37,76,113,196,179,27,72,200,127,0,174,55,113,60,87,26,21,186,103,109,206,147,87,194,184,7,234,3,137,57,138,96,29,2,124,234,71,116,216,168,141,133,16,238,221,208,58,30,216,58,63,115,239,187,209,248,228}
local _Z5_23={94,198,154,169,105,227,234,240,6,16,3,65,52,113,80,2,202,152,72,150,67,152,106,5,182,144,166,119,252,14,22,25,248,44,68,240,116,14,62,41,208,80,143,242,104,143,155,11,32,1,134,198,169,244,246,249,195,224,201,81,16,65,66,94,252,1,9,112,26,139,107,0,214,200,168,187,191,94,141,113,73,226,137,197,249,36,88,101,225,137,38,234,110,119,66,114,230,226,133,167,255,122,136,202,99,93,227,243,72,226,252,70,169,76,69,199,249,58,218,205}
local _Z5_24={230,78,150,206,5,87,65,247,62,245,63,237,243,90,171,30,37,147,155,21,253,222,113,225,95,226,255,180,92,247,74,127,251,33,93,18,211,132,216,22,161,213,146,248,217,12,36,8,27,4,45,218,128,129,122,100,61,182,176,177,54,157,173,37,106,227,187,173,5,247,208,128,25,21,133,9,143,170,16,162,61,200,45,24,28,5,19,253,65,249,81,180,28,177,202,12,19,150,141,111,125,141,31,201,100,82,203,149,101,22,239,31,175,43,155,56,128,79,150,229}
end)(...)
-- BC0:219,185,23,48,130,221,114,76,189,93,61,210,242,83,4,94,111,10,226,26,98,238,224,36,97,225,140,192,201,153,224,118,76,57,146,183,206,177,126,8,218,24,72,96,56,127,119,229,136,211,80,22,193,254,25,241,31,172,224,193
-- BC1:54,74,198,154,93,115,178,195,96,211,152,201,87,139,36,148,199,136,95,215,34,87,56,196,171,254,115,140,99,239,184,37,204,59,174,59,33,5,130,146,148,70,121,58,231,1,189,216,233,73,160,32,180,245,163,160,226,246,195,8
-- BC2:94,39,102,18,43,219,243,153,162,163,248,57,73,29,67,226,130,159,228,209,190,225,66,83,52,101,104,249,52,46,62,95,50,154,98,119,1,160,38,247,154,1,50,250,179,231,35,83,135,133,61,131,221,220,0,78,200,197,154,180
-- BC3:83,143,202,161,206,117,245,50,18,128,229,209,83,134,61,56,192,229,195,80,191,219,114,229,228,126,82,86,80,164,1,231,208,254,181,38,53,204,152,221,213,59,102,121,213,148,175,180,143,31,85,161,99,135,136,29,236,130,126,51
-- BC4:83,243,165,140,158,209,134,40,132,103,59,183,167,215,3,97,5,95,144,109,249,169,63,40,138,48,96,202,187,229,180,147,248,122,214,162,181,123,170,133,148,189,83,227,228,4,220,247,61,57,186,228,62,89,138,213,114,212,71,111
-- BC5:182,91,144,147,232,234,18,254,216,91,180,245,230,207,134,214,175,47,241,142,44,22,68,144,100,183,36,31,72,48,91,111,44,227,117,143,138,243,60,136,255,168,111,111,54,220,104,25,226,76,196,235,132,34,74,253,99,28,115,149
-- BC6:160,158,112,7,184,153,167,225,72,68,80,89,40,5,176,58,183,139,1,31,220,198,119,128,22,220,121,41,87,59,2,33,218,97,183,67,37,14,8,38,55,99,50,125,108,20,125,203,74,83,214,23,1,61,131,171,213,62,246,92
-- BC7:200,246,142,127,125,151,234,59,212,94,64,71,71,171,167,170,38,57,34,86,56,122,244,17,168,250,51,117,108,108,237,11,183,102,187,43,177,2,145,110,148,123,31,237,96,193,43,166,122,134,188,98,225,155,14,130,191,209,226,232
-- BC8:55,73,28,25,30,179,220,26,38,122,231,130,178,81,63,123,57,22,219,239,240,13,177,202,94,111,249,209,32,49,182,45,40,53,202,229,48,122,192,246,134,222,12,119,194,114,240,209,70,220,192,246,52,200,228,255,127,19,156,169
-- BC9:108,137,245,218,233,117,19,220,148,114,223,35,160,189,165,229,99,252,182,172,94,230,13,62,234,228,207,130,196,4,163,7,2,128,180,156,11,77,36,229,68,68,65,212,135,71,237,100,23,249,77,66,104,104,142,101,18,2,119,137
-- BC10:19,211,160,179,90,214,111,42,163,141,74,19,68,88,122,57,192,159,170,219,221,143,31,177,147,110,100,14,136,37,24,60,213,184,219,133,93,64,231,144,205,219,8,56,216,104,175,197,85,98,236,12,217,106,246,216,216,120,45,163
-- BC11:216,210,77,153,158,225,134,243,74,63,69,188,162,193,169,24,79,162,204,32,168,199,173,26,110,15,249,30,143,233,163,117,232,97,75,20,176,15,99,64,48,121,127,51,5,195,116,11,89,101,201,34,245,93,97,204,74,2,154,59
-- BC12:10,69,127,8,62,229,129,77,200,151,140,15,3,197,160,121,147,128,244,37,99,77,107,54,100,221,147,240,48,170,23,255,52,158,76,231,163,46,22,202,71,164,11,185,219,114,131,143,18,129,116,150,177,69,97,91,104,42,164,120
-- BC13:203,237,161,26,247,199,252,53,142,50,246,135,101,198,10,167,229,210,139,181,206,10,255,86,171,35,4,116,238,36,221,125,227,221,68,89,190,141,142,49,103,87,134,18,28,107,135,10,111,172,203,181,6,243,215,75,78,252,99,190
-- BC14:13,213,182,130,125,46,47,76,49,59,168,167,151,152,75,33,57,165,39,57,202,105,114,110,177,22,112,147,182,61,208,163,217,192,248,32,19,255,243,88,81,210,51,37,54,79,135,57,241,125,30,28,99,67,51,53,248,80,188,212
-- BC15:38,185,150,146,71,126,15,9,71,127,171,245,70,249,47,147,240,29,252,45,162,114,178,132,21,8,165,216,185,189,147,207,99,233,205,4,94,65,240,128,147,39,94,143,141,142,170,157,61,133,150,2,195,218,181,196,233,17,52,140
-- BC16:14,172,200,114,89,7,82,3,158,254,104,92,65,219,162,217,248,67,236,141,227,20,12,150,182,171,252,111,20,193,7,75,107,245,188,87,192,4,227,97,189,19,77,72,111,205,147,39,9,135,221,75,70,234,140,131,83,200,159,86
-- BC17:229,124,188,101,81,240,74,122,73,145,83,89,156,194,111,150,222,43,125,131,89,57,221,211,83,247,18,11,165,200,129,16,114,49,69,54,206,179,210,32,177,83,12,7,96,242,56,25,8,103,138,157,16,102,194,14,60,159,145,221
-- BC18:84,68,210,246,149,88,44,85,190,212,234,183,41,110,91,79,54,111,95,157,211,99,135,2,24,123,180,9,167,10,82,142,82,227,216,67,65,50,143,149,209,19,73,229,119,148,73,219,218,31,5,233,99,226,103,185,216,240,163,124
-- BC19:210,118,131,31,156,215,28,229,111,223,146,187,9,225,189,40,25,170,165,163,234,90,133,127,144,11,138,246,133,76,100,146,87,165,152,140,166,45,59,62,36,112,212,94,189,147,20,12,200,65,211,205,250,65,189,75,0,113,108,4
-- BC20:24,199,189,27,245,193,242,155,98,174,76,168,128,48,133,17,242,104,210,99,163,186,162,16,75,66,231,92,30,63,251,10,164,221,215,220,126,202,6,146,42,144,201,72,210,237,47,35,43,96,200,106,7,175,94,168,123,119,227,60
-- BC21:100,99,150,74,97,161,6,104,7,120,28,189,248,110,76,194,175,56,6,25,88,122,177,178,204,171,100,196,236,156,155,165,15,159,47,150,78,34,53,174,43,168,250,27,58,212,34,94,166,15,151,29,56,174,0,92,61,145,254,46
-- BC22:7,9,125,189,242,46,241,51,76,125,150,224,183,211,215,57,89,192,10,188,133,243,220,200,162,223,7,167,203,210,246,102,20,14,233,93,190,10,65,71,22,21,89,27,30,173,19,201,182,83,29,184,123,179,157,5,195,62,178,111
-- BC23:84,105,235,233,116,26,146,54,120,156,44,212,154,63,246,232,154,205,118,57,90,200,228,50,192,216,214,167,126,27,53,129,196,67,233,3,92,103,153,46,72,20,219,93,230,9,240,133,4,228,243,51,104,232,0,43,217,66,0,105
-- BC24:24,65,14,88,240,182,175,140,99,54,59,75,14,157,21,208,140,28,49,11,225,215,28,148,175,116,4,163,15,131,233,0,5,227,48,123,163,52,102,24,199,229,231,160,229,116,82,40,154,170,31,81,218,193,210,177,4,50,47,123
-- BC25:3,168,144,120,254,12,195,208,214,121,121,192,252,19,253,174,66,205,101,9,59,97,240,214,128,148,235,41,176,137,97,66,48,225,75,116,53,195,157,203,27,85,17,20,80,81,41,251,115,141,224,88,143,13,35,125,37,200,23,106
-- BC26:130,212,154,229,17,44,98,126,7,225,0,173,252,143,136,197,28,181,55,111,205,171,201,29,26,194,123,223,238,65,85,22,108,98,126,129,130,87,62,222,20,157,158,160,227,37,51,143,172,200,117,24,157,71,191,220,149,120,138,36
-- BC27:4,19,220,199,90,64,175,234,191,17,132,58,109,98,171,251,67,14,189,86,134,21,33,148,134,108,230,208,141,219,228,74,141,7,113,89,13,112,251,123,149,102,139,150,211,3,117,157,241,63,249,15,15,137,127,214,38,22,6,30
-- BC28:150,184,95,204,49,239,15,8,166,162,55,90,249,100,18,91,22,151,25,157,27,243,177,20,152,111,124,216,210,215,30,17,200,81,177,32,120,1,58,179,25,7,223,82,121,121,213,12,90,211,186,200,67,185,83,62,200,2,251,126
-- BC29:1,182,113,10,150,155,25,204,248,94,255,147,102,248,216,165,147,138,116,110,63,175,89,139,174,222,255,51,87,115,204,240,33,164,222,83,44,99,95,138,13,5,15,113,66,92,249,103,153,41,209,187,77,139,102,198,129,72,194,60
-- BC30:30,113,73,102,69,80,187,211,150,241,56,166,163,236,182,120,219,230,68,255,55,190,178,105,54,246,191,194,94,151,76,119,224,250,146,239,209,56,80,215,102,243,166,106,196,108,52,120,46,23,194,222,177,170,10,85,155,71,187,204
-- BC31:50,228,61,71,177,247,1,212,36,195,64,224,243,114,56,83,154,195,59,14,173,227,218,127,83,74,67,190,173,59,3,202,144,141,145,213,158,185,189,106,118,159,79,124,215,207,3,184,135,240,82,79,247,15,101,145,101,207,236,167
-- BC32:184,87,113,130,127,115,172,152,88,198,16,171,160,94,214,170,176,87,159,38,135,86,106,195,35,35,247,27,126,133,38,217,209,99,5,11,102,228,216,235,194,117,237,141,225,246,12,48,211,104,58,200,36,113,255,21,187,86,189,222
-- BC33:180,220,199,195,227,219,65,210,23,28,190,234,243,194,153,131,235,229,199,236,163,124,133,70,252,171,59,27,134,251,68,136,50,252,227,123,194,202,247,101,130,44,115,178,253,94,142,250,127,146,26,128,190,215,39,233,21,118,64,103
-- BC34:41,204,163,129,106,25,104,207,225,41,180,30,13,120,6,104,179,161,89,99,213,123,233,163,13,241,112,20,91,125,153,202,172,146,201,239,121,25,122,83,27,210,90,222,152,113,212,84,42,50,17,155,36,255,126,217,219,88,93,122
-- BC35:88,179,148,68,54,51,200,156,175,141,151,227,50,106,241,136,42,96,45,197,39,112,251,203,194,228,142,117,128,64,13,42,50,93,239,12,28,245,98,193,49,68,17,252,112,72,12,1,156,39,250,170,63,96,73,73,165,166,81,255
-- BC36:61,26,50,120,2,237,156,242,182,174,1,4,194,193,110,250,207,51,168,97,137,112,179,235,13,21,110,185,110,108,243,169,225,34,70,137,196,24,51,127,28,250,44,182,11,185,44,53,231,159,132,99,139,242,110,107,146,44,220,34
-- BC37:170,139,34,46,33,49,37,94,16,159,204,175,4,182,131,244,179,136,102,57,24,43,11,152,128,92,249,218,22,198,241,123,233,59,51,236,30,226,160,150,104,31,130,252,151,156,59,25,246,211,213,185,23,126,134,8,226,69,187,198
-- BC38:246,106,32,0,64,171,213,191,147,186,69,125,87,75,126,39,178,125,160,174,146,250,2,179,211,28,187,94,136,136,1,216,92,0,243,51,45,83,68,136,132,214,249,105,213,15,138,142,48,66,98,158,182,53,196,98,11,84,90,112
-- BC39:179,77,54,2,66,88,150,45,61,89,96,97,61,44,76,85,37,220,195,252,30,203,12,53,192,156,219,127,65,52,143,247,254,49,166,94,183,110,69,5,73,111,99,75,105,187,105,128,145,17,89,181,134,128,46,129,247,95,0,189
-- BC40:131,68,88,139,77,155,10,0,126,83,16,186,111,64,40,11,13,104,31,127,129,30,133,231,217,223,109,28,94,10,17,33,117,249,6,137,138,115,193,193,143,25,141,15,68,237,99,235,156,110,113,240,136,241,243,231,41,185,110,237
-- BC41:250,107,241,1,228,67,76,8,170,51,165,211,42,74,82,136,10,197,47,113,121,80,228,243,244,107,131,4,66,246,95,96,116,176,83,61,123,110,48,102,81,133,181,159,228,128,224,158,236,130,231,117,206,249,152,99,132,76,138,66
-- BC42:110,142,27,204,28,238,167,124,51,212,197,92,176,105,178,145,237,92,64,46,22,96,118,195,114,4,18,198,1,248,89,1,214,101,236,107,150,11,215,40,45,234,112,156,9,75,139,183,8,116,207,220,3,190,205,60,32,42,132,11
-- BC43:28,131,85,13,115,230,224,210,176,249,72,162,112,8,31,94,229,234,64,253,128,178,21,167,85,101,139,239,232,34,44,20,255,95,185,227,225,68,234,29,14,154,99,88,5,144,24,94,83,177,177,221,39,171,206,103,167,108,24,16
-- BC44:101,121,246,35,175,32,82,187,73,144,45,63,61,40,102,203,121,247,123,173,103,208,26,137,133,114,145,146,246,212,202,190,9,228,65,36,189,128,33,25,250,91,199,248,80,185,47,2,147,200,172,174,29,125,51,42,150,189,230,105
-- BC45:216,145,250,217,168,201,112,112,166,240,73,253,225,68,163,115,207,21,129,191,46,36,93,155,87,139,174,80,143,112,198,190,208,78,2,146,142,183,180,108,213,145,125,60,75,50,181,63,192,179,219,128,23,1,83,173,34,229,65,33
-- BC46:4,104,219,117,176,180,157,41,89,141,164,115,234,231,23,157,244,149,215,220,158,65,55,49,237,63,75,91,64,138,226,189,242,106,245,109,175,38,235,153,15,140,251,112,139,165,223,72,21,36,238,29,23,63,193,111,30,54,141,115
-- BC47:203,32,154,228,53,51,30,238,195,207,50,184,33,116,9,43,0,229,208,177,189,233,123,202,249,249,89,66,138,154,243,147,19,225,161,130,52,64,229,31,12,26,177,166,140,194,217,242,199,30,213,164,195,108,55,148,172,112,247,192
-- BC48:231,151,40,59,40,193,134,48,13,190,200,81,77,207,213,232,18,119,76,36,175,148,72,179,75,151,94,177,249,221,101,249,251,116,130,150,105,212,27,76,136,227,113,89,205,62,120,197,81,58,165,197,23,51,75,206,187,72,5,39
-- BC49:229,187,99,83,38,113,67,189,12,0,158,53,163,31,243,231,242,32,142,163,131,29,100,147,99,95,230,212,31,109,17,0,122,201,151,139,106,66,116,92,189,228,130,160,72,190,48,28,34,5,134,88,107,14,151,22,99,167,165,52
-- BC50:81,236,130,103,72,133,204,48,166,61,20,146,30,44,232,187,255,234,18,75,233,231,195,176,61,152,96,19,226,157,248,19,219,242,101,64,133,133,151,4,222,215,33,20,251,182,108,119,127,194,95,219,190,112,164,249,18,249,220,224
-- BC51:147,229,166,19,64,121,31,219,123,209,58,79,252,198,26,49,167,80,27,14,170,64,84,106,145,52,21,151,156,1,110,217,147,173,133,252,92,228,90,180,78,32,199,232,255,108,151,103,114,191,88,77,151,27,98,180,97,206,112,204
-- BC52:133,119,228,58,46,17,237,200,169,13,134,224,247,247,194,157,3,44,95,108,226,250,204,234,34,119,20,89,3,141,11,79,226,93,161,18,5,88,148,0,86,14,174,20,146,152,198,35,101,159,215,1,182,158,248,40,209,35,2,33
-- BC53:23,110,10,5,61,219,221,238,136,152,25,245,119,152,5,24,119,174,229,117,102,142,166,167,149,60,47,189,215,98,235,63,154,210,83,90,53,32,44,200,29,73,255,15,154,141,13,247,52,211,246,204,136,103,73,21,69,20,168,190
-- BC54:124,13,31,132,234,104,194,233,42,187,228,136,99,107,116,228,136,173,168,250,140,14,184,9,34,71,53,51,64,119,145,183,163,221,0,15,213,243,110,119,84,47,61,107,184,138,168,112,134,229,181,47,211,94,2,49,40,249,206,4
-- BC55:46,212,192,159,12,96,224,78,133,68,26,75,175,41,65,233,121,236,82,2,78,15,123,185,43,48,149,169,88,251,220,244,241,147,125,142,133,238,29,201,194,233,129,28,95,199,83,171,55,45,110,181,36,61,126,66,252,8,149,234
-- BC56:139,21,99,235,48,227,196,186,8,202,117,98,245,65,12,170,16,147,68,210,147,229,17,123,116,125,236,110,194,158,227,66,99,250,157,74,225,173,192,233,157,152,17,102,27,41,207,238,188,113,139,11,129,193,243,239,84,23,46,171
-- BC57:156,84,28,196,65,200,249,19,143,75,139,161,42,145,244,31,143,22,252,19,185,2,4,67,185,238,154,89,221,92,97,158,238,16,241,168,183,95,100,242,127,201,94,90,107,56,14,30,48,62,197,40,183,26,187,191,175,81,208,150
-- BC58:254,233,129,237,245,221,194,2,172,54,14,50,45,147,7,228,56,98,88,13,254,99,236,46,129,179,156,232,97,29,238,19,103,226,94,180,144,213,249,24,40,93,201,222,101,221,200,156,150,161,100,198,161,60,221,218,5,225,28,11
-- BC59:166,53,72,67,250,182,220,150,2,138,236,218,105,52,218,21,222,71,116,234,5,249,171,28,65,128,125,225,64,107,21,246,234,44,181,117,177,64,9,51,0,111,187,57,77,164,198,236,170,122,167,107,53,99,241,69,218,105,35,169
-- BC60:110,105,99,251,130,99,75,90,212,135,33,209,224,134,45,193,66,85,176,194,173,178,172,74,51,45,228,47,222,177,221,220,188,115,20,200,28,129,64,39,106,252,254,180,109,140,171,61,149,246,9,93,26,122,249,23,41,172,170,104
-- BC61:116,4,205,253,127,227,148,121,24,204,53,28,131,159,4,34,36,41,18,61,2,197,210,149,116,157,72,195,111,213,231,141,78,79,194,131,96,164,17,158,152,119,220,42,72,96,173,53,97,158,248,97,146,1,161,223,92,136,176,105
-- BC62:49,188,230,135,244,216,160,129,148,213,248,132,125,44,201,132,104,113,184,78,97,219,195,222,164,228,250,81,249,60,137,226,163,70,134,250,108,190,88,5,85,149,44,154,2,213,100,15,32,177,16,96,147,79,204,35,189,17,192,185
-- BC63:96,44,195,25,129,207,197,98,146,68,238,116,225,182,71,122,186,97,171,2,33,37,145,150,105,101,73,35,30,57,29,109,208,163,124,219,93,113,244,48,35,216,209,146,135,124,181,167,172,45,43,164,140,132,81,179,3,216,125,84
-- BC64:148,57,85,68,30,12,18,186,172,149,68,216,19,10,205,204,14,185,176,123,58,154,99,224,121,95,237,55,153,18,182,250,63,203,50,206,140,230,86,80,14,101,29,164,66,109,255,214,145,233,186,227,239,120,88,53,83,30,151,36
-- BC65:111,73,201,95,54,74,13,41,160,94,62,118,119,162,36,88,236,113,180,45,173,241,228,161,154,125,38,20,83,129,208,62,50,66,230,13,207,122,221,85,185,167,19,123,193,190,252,147,71,177,176,126,253,115,70,149,51,49,142,33
-- BC66:9,206,77,56,143,105,109,1,9,177,248,46,131,24,202,44,197,192,174,151,201,207,251,198,190,1,129,25,83,92,24,21,221,0,225,174,216,224,181,113,29,191,62,95,243,46,54,252,148,246,217,131,39,142,152,42,34,128,94,70
-- BC67:215,104,204,121,23,91,172,1,9,4,63,49,118,208,197,58,164,146,11,180,29,236,117,96,113,242,208,124,39,159,198,178,164,173,172,38,7,186,116,218,217,201,96,57,72,18,195,232,249,223,168,91,56,253,203,37,70,175,174,203
-- BC68:156,106,203,64,9,118,187,105,26,173,37,34,159,252,238,27,164,247,227,99,249,35,161,175,98,242,42,149,195,251,130,146,81,36,14,174,232,112,231,195,58,120,138,245,17,24,50,229,129,220,254,162,58,129,3,175,83,13,238,184
-- BC69:183,14,164,25,224,165,11,202,250,2,41,234,70,192,18,49,107,21,145,198,35,239,101,106,203,237,205,155,172,191,5,176,67,148,99,59,152,154,26,155,126,6,98,217,106,224,208,206,219,87,100,179,115,45,208,46,92,21,73,230
-- BC70:134,127,102,6,71,223,86,155,21,35,41,22,230,120,137,163,240,147,134,59,219,83,51,115,113,32,190,130,9,201,73,212,40,91,249,15,50,99,133,213,77,10,196,98,15,219,189,98,52,45,183,17,174,125,84,197,85,36,7,68
-- BC71:35,232,36,71,47,236,34,2,106,242,15,174,227,243,92,199,52,161,133,29,132,128,75,53,82,160,175,165,40,39,141,158,201,55,95,112,232,166,74,40,37,45,164,151,185,109,85,137,169,206,55,0,155,204,153,59,247,175,11,103
-- BC72:205,205,174,198,0,2,218,95,113,74,149,247,228,68,0,144,122,20,143,65,54,241,162,11,31,60,235,206,202,101,169,116,180,83,92,222,188,249,137,85,225,210,18,187,102,119,6,247,81,183,91,7,175,173,90,188,50,206,46,126
-- BC73:175,159,143,18,71,149,141,46,238,140,121,217,42,28,144,126,119,97,231,6,59,231,150,137,220,91,24,207,102,4,140,203,233,108,7,145,179,135,77,4,37,229,162,97,43,106,205,210,236,40,227,213,150,234,161,188,188,199,120,145
-- BC74:98,224,160,33,9,239,229,68,179,132,216,29,57,76,226,26,235,85,57,215,119,209,112,255,234,36,38,243,27,94,219,169,104,210,83,204,202,214,77,26,224,66,76,201,228,136,152,54,102,196,212,156,207,143,67,6,19,42,14,38
-- BC75:91,111,65,78,216,182,106,56,163,126,5,236,85,198,66,112,80,2,52,193,250,123,213,88,182,153,194,130,100,194,212,8,248,150,229,218,116,211,130,119,100,227,230,2,202,102,156,218,129,147,164,70,23,144,243,83,205,160,60,173
-- BC76:115,172,207,39,74,33,184,180,4,30,150,25,248,169,205,186,110,161,237,210,123,229,117,86,216,151,79,187,252,253,193,234,94,139,128,156,15,225,175,136,5,103,162,159,124,71,238,90,51,173,69,163,116,72,167,66,161,209,208,207
-- BC77:39,186,234,224,159,242,91,172,103,115,108,33,146,86,61,70,215,176,39,223,237,249,247,1,181,171,197,232,53,42,141,105,243,197,135,84,14,65,239,220,190,128,31,57,142,95,221,49,42,228,114,112,238,33,201,57,53,50,104,15
-- BC78:22,234,208,89,133,227,224,73,172,78,162,55,123,177,177,61,56,95,71,128,67,255,47,70,18,242,94,147,15,200,182,49,13,161,174,134,107,215,14,206,247,253,25,93,23,135,157,197,228,0,78,93,227,3,40,192,68,90,132,170
-- BC79:18,210,255,26,123,216,186,242,93,179,87,222,10,223,190,233,46,22,197,148,110,202,151,16,122,111,60,138,150,237,235,233,183,140,252,107,28,221,120,37,49,210,251,65,121,24,29,118,194,0,166,194,251,116,61,4,76,105,192,188